Date,Close,Open,Low,High,Volume
17/03/2011,44.56,44.46,43.40,44.61,46752306.00
18/03/2011,45.74,45.25,44.75,46.18,77445705.00
21/03/2011,45.63,46.28,45.32,46.32,28998804.00
22/03/2011,45.47,45.66,45.35,45.71,19773155.00
23/03/2011,45.60,45.29,44.77,45.69,26695103.00
24/03/2011,45.73,45.70,45.09,45.84,21763428.00
25/03/2011,45.86,45.70,45.67,46.38,20728953.00
28/03/2011,45.96,46.10,45.95,46.50,19047618.00
29/03/2011,46.02,45.83,45.51,46.04,17916404.00
30/03/2011,46.45,46.53,46.22,46.85,26850725.00
31/03/2011,46.10,46.05,45.96,46.34,23491762.00
01/04/2011,46.35,46.55,46.18,46.88,25395781.00
04/04/2011,46.34,46.12,46.05,46.52,15710209.00
05/04/2011,46.58,46.17,46.05,46.77,21199013.00
06/04/2011,47.64,46.81,46.63,47.73,31212869.00
07/04/2011,47.40,47.64,46.96,47.80,29988334.00
08/04/2011,46.84,47.52,46.63,47.66,23827177.00
11/04/2011,46.86,47.00,46.75,47.27,25643410.00
12/04/2011,46.64,46.55,46.25,47.11,27275621.00
13/04/2011,46.25,47.24,45.88,47.37,55395689.00
14/04/2011,44.97,45.68,44.91,45.75,45218921.00
15/04/2011,44.89,45.24,44.83,45.37,32483879.00
18/04/2011,43.96,44.27,43.53,44.35,50974276.00
19/04/2011,44.65,44.26,43.76,44.71,26720104.00
20/04/2011,44.56,44.90,43.94,44.97,35566808.00
21/04/2011,44.68,44.68,44.12,44.84,24386589.00
25/04/2011,44.61,44.65,44.38,45.02,17360519.00
26/04/2011,45.12,44.85,44.61,45.43,25893126.00
27/04/2011,45.50,45.30,45.05,45.63,20852690.00
28/04/2011,45.85,45.61,45.41,45.93,19862755.00
29/04/2011,45.63,45.81,45.40,46.02,23363095.00
02/05/2011,45.18,45.94,45.11,45.99,25913966.00
03/05/2011,45.92,44.95,44.86,46.07,30039119.00
04/05/2011,45.50,45.98,45.28,46.04,22739271.00
05/05/2011,45.17,45.24,44.99,45.71,26165514.00
06/05/2011,45.04,45.47,44.76,45.71,26356067.00
09/05/2011,44.96,44.75,44.32,45.11,22475423.00
10/05/2011,45.16,45.06,44.98,45.50,20541125.00
11/05/2011,44.23,45.02,44.11,45.04,31528851.00
12/05/2011,44.09,44.10,43.55,44.33,29589929.00
13/05/2011,43.15,44.06,42.98,44.10,32878376.00
16/05/2011,42.88,42.97,42.72,43.48,34907303.00
17/05/2011,43.81,42.68,42.65,44.02,36333561.00
18/05/2011,44.08,43.72,43.41,44.24,24382933.00
19/05/2011,44.00,44.32,43.75,44.35,19539524.00
20/05/2011,43.13,43.83,43.09,44.09,29951525.00
23/05/2011,42.55,42.40,42.30,42.90,32316785.00
24/05/2011,42.34,42.77,41.69,42.92,39341319.00
25/05/2011,42.27,42.11,42.10,42.75,26510052.00
26/05/2011,42.45,42.12,42.10,42.59,21660730.00
27/05/2011,42.79,42.70,42.54,43.15,24748707.00
31/05/2011,43.24,43.24,42.77,43.38,28746221.00
01/06/2011,41.76,42.87,41.73,42.99,38634790.00
02/06/2011,41.61,41.93,40.83,42.20,45969424.00
03/06/2011,41.57,41.09,41.02,42.25,31837491.00
06/06/2011,40.53,41.10,40.37,41.24,40895852.00
07/06/2011,40.72,40.92,40.65,41.31,36342388.00
08/06/2011,40.39,40.58,40.20,41.07,38895183.00
09/06/2011,40.98,40.59,40.54,41.24,30084305.00
10/06/2011,41.05,40.59,40.10,41.50,48547057.00
13/06/2011,41.67,41.29,40.72,41.82,31768310.00
14/06/2011,41.61,42.13,41.48,42.44,32110148.00
15/06/2011,40.68,41.02,40.25,41.40,37337308.00
16/06/2011,40.36,40.63,39.70,40.71,50321135.00
17/06/2011,40.80,40.85,40.54,41.06,32023979.00
20/06/2011,40.48,40.50,40.12,40.81,21568823.00
21/06/2011,40.91,40.68,40.25,41.23,34244084.00
22/06/2011,40.69,40.67,40.48,41.53,27317060.00
23/06/2011,40.07,40.12,39.62,40.25,48316522.00
24/06/2011,39.49,40.05,39.44,40.18,36143032.00
27/06/2011,39.88,39.40,39.33,40.11,30639635.00
28/06/2011,39.54,40.07,39.24,40.07,41558662.00
29/06/2011,40.45,40.04,39.92,40.56,44783465.00
30/06/2011,40.94,40.72,40.37,41.07,28002025.00
01/07/2011,41.58,40.81,40.77,41.72,32136736.00
05/07/2011,41.03,41.51,40.97,41.51,23811209.00
06/07/2011,40.56,40.59,40.18,40.65,23868334.00
07/07/2011,41.32,41.19,41.10,41.79,28554303.00
08/07/2011,40.74,40.70,40.56,40.97,20682965.00
11/07/2011,39.43,40.19,39.29,40.22,38327919.00
12/07/2011,39.39,39.24,39.24,40.12,33808210.00
13/07/2011,39.62,39.67,39.41,40.37,34020567.00
14/07/2011,40.35,41.18,40.29,41.24,65336261.00
15/07/2011,39.98,40.61,39.50,40.75,46553295.00
18/07/2011,39.83,39.79,38.93,40.00,47604249.00
19/07/2011,40.39,39.92,39.71,40.49,34844494.00
20/07/2011,40.96,40.69,40.62,41.36,31250813.00
21/07/2011,42.29,41.57,41.23,42.55,45554055.00
22/07/2011,42.19,42.27,41.76,42.32,19986046.00
25/07/2011,41.69,41.52,41.29,41.91,22531003.00
26/07/2011,41.44,41.50,41.29,41.79,24354927.00
27/07/2011,40.67,41.20,40.59,41.40,32364601.00
28/07/2011,40.68,40.69,40.62,41.24,23370785.00
29/07/2011,40.45,40.24,39.90,40.75,37795986.00
01/08/2011,40.44,41.16,39.96,41.37,34042409.00
02/08/2011,39.84,40.10,39.84,40.38,42118933.00
03/08/2011,39.90,39.76,39.35,40.02,41110031.00
04/08/2011,37.92,39.31,37.82,39.59,59938092.00
05/08/2011,37.60,38.30,36.72,38.75,85512270.00
08/08/2011,34.06,36.23,33.69,37.72,107650301.00
09/08/2011,36.40,35.38,33.69,36.59,78985631.00
10/08/2011,34.37,35.52,33.98,35.85,83975624.00
11/08/2011,36.69,34.63,34.63,37.30,69583435.00
12/08/2011,35.91,37.13,35.58,37.85,44082499.00
15/08/2011,36.88,36.53,36.39,37.14,34830097.00
16/08/2011,36.03,36.27,35.77,36.57,42272563.00
17/08/2011,36.57,36.46,36.32,37.26,30131313.00
18/08/2011,35.19,35.27,34.50,35.47,57139173.00
19/08/2011,34.35,34.76,34.26,35.50,52962310.00
22/08/2011,33.41,35.12,33.35,35.18,50971319.00
23/08/2011,34.78,33.29,32.31,34.80,55809435.00
24/08/2011,35.83,34.82,34.68,36.01,41963837.00
25/08/2011,35.72,37.79,35.42,38.57,55387550.00
26/08/2011,36.21,35.28,34.82,36.48,35115667.00
29/08/2011,37.64,36.82,36.47,37.64,27945757.00
30/08/2011,37.06,37.40,36.75,37.72,28826266.00
31/08/2011,37.56,37.42,37.22,38.03,30051400.00
01/09/2011,36.30,37.62,36.29,37.82,36865259.00
02/09/2011,34.63,35.06,34.51,35.25,41677229.00
06/09/2011,33.44,33.11,32.78,33.50,57081174.00
07/09/2011,34.82,34.10,33.87,34.98,36145887.00
08/09/2011,33.51,34.44,33.44,34.91,44815207.00
09/09/2011,32.08,33.08,31.93,33.20,67195566.00
12/09/2011,32.42,31.35,31.21,32.42,53381750.00
13/09/2011,32.49,32.81,32.17,33.41,50142208.00
14/09/2011,32.80,32.73,31.86,33.19,44446740.00
15/09/2011,33.81,33.37,33.13,33.82,35848788.00
16/09/2011,33.43,34.05,33.02,34.27,52687591.00
19/09/2011,32.49,32.69,32.13,32.89,33160246.00
20/09/2011,32.25,32.77,32.24,32.80,34089368.00
21/09/2011,30.34,32.23,30.26,32.45,57429559.00
22/09/2011,29.27,29.35,28.53,29.63,86290439.00
23/09/2011,29.59,28.96,28.86,29.80,51731259.00
26/09/2011,31.65,30.06,29.96,31.81,58696019.00
27/09/2011,31.57,32.62,31.25,33.13,58242837.00
28/09/2011,30.47,31.62,30.42,32.00,38725834.00
29/09/2011,31.39,31.58,30.44,32.11,51015757.00
30/09/2011,30.12,30.74,30.11,30.95,42436947.00
03/10/2011,28.65,30.03,28.64,30.70,51002691.00
04/10/2011,30.26,28.25,27.85,30.43,69815353.00
05/10/2011,30.84,30.23,29.40,31.17,51117106.00
06/10/2011,32.38,30.71,30.42,32.46,53216608.00
07/10/2011,30.70,32.58,30.65,32.61,49326167.00
10/10/2011,32.30,31.60,31.58,32.32,37324743.00
11/10/2011,32.30,31.98,31.41,32.68,38169186.00
12/10/2011,33.20,32.76,32.69,33.87,55462460.00
13/10/2011,31.60,32.45,30.92,32.49,78838174.00
14/10/2011,31.89,31.87,31.40,32.32,51905068.00
17/10/2011,31.04,31.64,30.97,32.09,40869712.00
18/10/2011,32.87,31.36,31.14,33.42,64392307.00
19/10/2011,32.25,32.77,32.03,34.01,50121949.00
20/10/2011,33.13,32.32,31.67,33.19,41662534.00
21/10/2011,33.42,33.48,33.01,34.04,48445287.00
24/10/2011,34.57,33.61,33.57,34.69,45697155.00
25/10/2011,33.49,34.18,33.36,34.25,38683534.00
26/10/2011,34.18,34.11,33.50,34.41,36360840.00
27/10/2011,37.02,36.56,35.70,37.54,74692984.00
28/10/2011,36.69,36.61,36.19,36.98,39893754.00
31/10/2011,34.76,35.93,34.73,36.00,46438679.00
01/11/2011,32.71,32.47,31.84,33.64,74056271.00
02/11/2011,33.64,33.71,33.06,33.74,34342387.00
03/11/2011,34.38,34.12,32.84,34.52,40087752.00
04/11/2011,33.97,33.99,33.45,34.06,30867231.00
07/11/2011,34.24,34.03,33.71,34.34,25935525.00
08/11/2011,35.02,34.53,34.02,35.18,30194985.00
09/11/2011,32.54,33.84,32.38,33.99,53000040.00
10/11/2011,32.74,32.92,32.28,33.23,30431632.00
11/11/2011,33.28,33.28,33.02,33.85,29989577.00
14/11/2011,32.55,32.95,32.22,32.98,27596216.00
15/11/2011,32.70,32.09,32.08,33.11,31265984.00
16/11/2011,31.47,32.34,31.40,32.49,40761704.00
17/11/2011,30.49,31.40,30.34,31.50,55130024.00
18/11/2011,30.62,30.67,30.33,30.85,39033896.00
21/11/2011,29.91,30.02,29.60,30.19,39666395.00
22/11/2011,29.41,29.90,29.38,30.10,36466171.00
23/11/2011,28.38,29.11,28.33,29.15,44474351.00
25/11/2011,28.48,28.28,28.28,29.17,21423184.00
28/11/2011,29.16,29.71,28.82,30.07,45285387.00
29/11/2011,28.56,28.98,28.48,29.13,45104651.00
30/11/2011,30.97,30.15,29.80,31.00,61412527.00
01/12/2011,30.46,30.86,30.03,30.97,33189688.00
02/12/2011,32.33,30.88,30.81,33.27,90519608.00
05/12/2011,33.51,33.64,33.22,34.10,52216056.00
06/12/2011,33.23,33.26,32.68,33.58,38788222.00
07/12/2011,34.00,32.82,32.72,34.19,44722793.00
08/12/2011,32.22,33.55,32.08,33.70,47788873.00
09/12/2011,33.18,32.36,32.36,33.31,39106916.00
12/12/2011,32.04,32.55,31.76,32.60,35986439.00
13/12/2011,31.29,32.37,30.87,32.63,49484808.00
14/12/2011,31.51,30.88,30.83,31.94,41295653.00
15/12/2011,31.76,32.10,31.57,32.28,33457250.00
16/12/2011,31.89,32.16,31.81,32.60,52598292.00
19/12/2011,30.70,31.87,30.42,31.90,47388002.00
20/12/2011,32.21,31.40,31.24,32.44,49092903.00
21/12/2011,32.32,32.00,31.90,32.41,30898992.00
22/12/2011,33.45,32.69,32.54,33.55,35544903.00
23/12/2011,33.57,33.62,33.13,33.70,21962667.00
27/12/2011,33.03,33.22,33.03,33.69,16897090.00
28/12/2011,32.65,32.99,32.57,33.09,19248511.00
29/12/2011,33.42,32.71,32.71,33.52,19793016.00
30/12/2011,33.25,33.11,33.06,33.42,18199609.00
03/01/2012,34.98,34.06,34.01,35.19,44108273.00
04/01/2012,34.95,34.44,34.33,35.15,36576187.00
05/01/2012,35.68,34.71,34.41,35.92,38383814.00
06/01/2012,35.36,35.69,35.14,35.77,33162979.00
09/01/2012,35.30,35.44,34.99,35.68,23006529.00
10/01/2012,36.05,36.07,35.76,36.35,35982879.00
11/01/2012,36.66,35.80,35.66,36.74,29853149.00
12/01/2012,36.85,36.82,36.17,37.05,39420935.00
13/01/2012,35.92,35.26,35.13,35.92,61577062.00
17/01/2012,34.91,34.85,34.50,35.68,55119029.00
18/01/2012,36.54,34.54,34.53,36.68,55504941.00
19/01/2012,36.93,36.84,36.71,37.15,37001975.00
20/01/2012,37.36,36.78,36.62,37.40,34716500.00
23/01/2012,37.66,37.31,37.27,37.94,27500781.00
24/01/2012,37.66,37.18,36.80,37.89,25406126.00
25/01/2012,37.60,37.36,37.12,37.82,29863012.00
26/01/2012,37.49,37.88,37.25,38.10,33291241.00
27/01/2012,37.21,37.23,37.15,37.66,27674802.00
30/01/2012,37.01,36.66,36.36,37.17,24432067.00
31/01/2012,37.30,37.53,36.93,37.55,29658089.00
01/02/2012,37.60,37.89,37.50,38.03,41957763.00
02/02/2012,37.55,37.69,37.42,38.16,26786875.00
03/02/2012,38.28,38.27,38.05,38.50,41081315.00
06/02/2012,38.14,38.06,37.81,38.32,23108329.00
07/02/2012,37.87,37.86,37.70,38.12,21092892.00
08/02/2012,38.30,38.05,37.97,38.35,23258667.00
09/02/2012,37.86,38.60,37.84,38.68,28614498.00
10/02/2012,37.61,37.22,37.11,37.77,22624780.00
13/02/2012,38.30,38.08,37.78,38.34,24827981.00
14/02/2012,37.92,38.23,37.44,38.26,27039262.00
15/02/2012,37.40,38.08,37.31,38.40,26534874.00
16/02/2012,38.00,37.15,37.05,38.12,22141431.00
17/02/2012,38.47,38.60,38.23,38.64,28016341.00
21/02/2012,38.46,38.65,38.41,38.98,22807470.00
22/02/2012,38.07,38.30,37.90,38.39,23418176.00
23/02/2012,38.49,38.06,37.75,38.52,31363508.00
24/02/2012,38.28,38.66,38.19,38.68,17589412.00
27/02/2012,39.06,38.07,37.79,39.23,34036867.00
28/02/2012,39.21,39.13,38.85,39.55,37905499.00
29/02/2012,39.24,39.33,39.02,39.94,41187933.00
01/03/2012,40.37,39.51,39.47,40.45,44384544.00
02/03/2012,40.63,40.43,40.23,40.88,34897825.00
05/03/2012,40.40,40.70,40.00,40.71,30806826.00
06/03/2012,39.32,39.45,39.12,39.87,33930434.00
07/03/2012,39.95,39.46,39.38,40.06,22880868.00
08/03/2012,40.44,40.47,40.22,40.75,22060726.00
09/03/2012,41.03,40.75,40.50,41.44,33499779.00
12/03/2012,40.54,40.86,40.20,40.98,30763746.00
13/03/2012,43.39,41.02,40.82,43.73,77277594.00
14/03/2012,43.58,43.62,43.07,44.00,68028623.00
15/03/2012,44.70,43.64,42.93,44.92,57124817.00
16/03/2012,44.57,44.87,44.22,44.92,48844406.00
19/03/2012,45.00,44.44,44.21,45.35,41515244.00
20/03/2012,45.38,44.53,44.37,45.60,34798090.00
21/03/2012,45.12,45.53,44.86,45.67,27273648.00
22/03/2012,44.65,44.72,44.41,45.10,27461074.00
23/03/2012,45.16,44.45,44.44,45.25,30643963.00
26/03/2012,46.17,45.48,45.40,46.17,33530630.00
27/03/2012,45.89,45.92,45.83,46.49,33035556.00
28/03/2012,46.27,45.76,45.36,46.31,29763066.00
29/03/2012,45.67,45.92,45.27,46.02,32268866.00
30/03/2012,45.98,46.08,45.50,46.13,25945990.00
02/04/2012,46.13,45.75,45.46,46.35,27675928.00
03/04/2012,45.42,45.74,44.97,45.99,31036320.00
04/04/2012,44.41,44.68,43.96,44.86,41347710.00
05/04/2012,44.34,44.13,43.81,44.73,28834531.00
09/04/2012,43.89,43.19,43.07,44.28,29376366.00
10/04/2012,42.96,43.88,42.66,44.01,38845936.00
11/04/2012,44.01,43.59,43.57,44.21,32142163.00
12/04/2012,44.84,44.12,44.00,44.99,33631097.00
13/04/2012,43.21,44.95,43.06,44.95,58183898.00
16/04/2012,43.33,43.38,42.84,43.80,40388941.00
17/04/2012,43.90,43.69,43.16,44.00,26887901.00
18/04/2012,43.29,43.62,43.27,43.91,20244147.00
19/04/2012,43.22,43.44,42.77,43.69,25963308.00
20/04/2012,42.72,43.51,42.71,43.58,26184284.00
23/04/2012,42.85,41.92,41.80,42.96,25538094.00
24/04/2012,43.28,42.98,42.81,43.31,21420339.00
25/04/2012,43.16,43.65,42.98,43.89,31694004.00
26/04/2012,43.80,43.22,43.06,43.89,28101552.00
27/04/2012,43.34,43.94,43.23,43.99,24285744.00
30/04/2012,42.98,43.33,42.54,43.37,23521663.00
01/05/2012,43.79,43.00,42.96,44.24,26364545.00
02/05/2012,43.20,43.46,42.84,43.53,22462824.00
03/05/2012,43.01,43.38,42.67,43.39,19536754.00
04/05/2012,41.75,42.33,41.71,42.68,31289431.00
07/05/2012,41.78,41.43,41.37,42.40,25910034.00
08/05/2012,41.38,41.50,40.95,41.84,28051620.00
09/05/2012,40.64,40.72,40.12,41.02,38775560.00
10/05/2012,40.74,41.23,40.54,41.40,35827257.00
11/05/2012,36.96,37.14,36.62,37.99,217294160.00
14/05/2012,35.79,36.10,35.76,36.47,96488404.00
15/05/2012,36.24,36.19,36.12,37.27,89903651.00
16/05/2012,35.46,36.79,35.46,36.98,68729813.00
17/05/2012,33.93,35.04,33.88,35.10,95429256.00
18/05/2012,33.49,33.99,32.97,33.99,82655364.00
21/05/2012,32.51,33.52,32.26,33.71,99557353.00
22/05/2012,34.01,33.32,32.99,34.58,84720953.00
23/05/2012,34.26,33.62,33.21,34.42,52512858.00
24/05/2012,33.97,34.44,33.62,34.48,37846025.00
25/05/2012,33.50,34.00,33.29,34.13,28803487.00
29/05/2012,33.63,33.98,33.36,34.00,35858078.00
30/05/2012,32.96,33.30,32.95,33.44,34203559.00
31/05/2012,33.15,32.96,32.91,33.47,42126257.00
01/06/2012,31.93,32.41,31.77,32.65,50473313.00
04/06/2012,31.00,32.16,30.83,32.17,60495394.00
05/06/2012,31.99,30.89,30.86,32.13,46502750.00
06/06/2012,33.07,32.71,32.27,33.31,47980479.00
07/06/2012,32.81,33.77,32.80,33.83,53888894.00
08/06/2012,33.68,32.77,32.55,33.68,34243468.00
11/06/2012,32.82,34.37,32.78,34.44,46404807.00
12/06/2012,33.77,32.88,32.51,33.78,43334359.00
13/06/2012,34.30,33.69,33.63,35.07,72456524.00
14/06/2012,34.65,34.41,34.07,34.89,44428016.00
15/06/2012,35.03,34.89,34.41,35.07,40920716.00
18/06/2012,34.62,34.71,34.50,35.30,31084454.00
19/06/2012,35.38,34.99,34.73,35.63,32488936.00
20/06/2012,36.45,36.03,35.83,36.94,61149759.00
21/06/2012,35.51,36.49,35.43,37.03,95637185.00
22/06/2012,35.99,36.02,35.96,36.49,44203816.00
25/06/2012,35.32,35.26,34.64,35.47,33115794.00
26/06/2012,35.71,36.06,35.58,36.12,35058728.00
27/06/2012,36.78,35.64,35.50,36.82,34156770.00
28/06/2012,35.88,35.32,34.85,35.93,69904866.00
29/06/2012,35.73,36.70,35.25,36.80,56063666.00
02/07/2012,36.28,36.27,35.59,36.36,34281571.00
03/07/2012,35.88,35.96,35.54,36.14,26705915.00
05/07/2012,34.38,35.61,34.22,35.66,58529307.00
06/07/2012,33.90,33.92,33.73,34.12,32057669.00
09/07/2012,33.96,33.81,33.54,34.12,30544925.00
10/07/2012,34.25,34.22,33.81,34.45,33175467.00
11/07/2012,34.59,34.21,34.12,34.80,35144270.00
12/07/2012,34.04,34.33,33.94,34.57,39301433.00
13/07/2012,36.07,35.06,34.86,36.20,83001210.00
16/07/2012,35.09,35.76,34.73,35.85,52368297.00
17/07/2012,34.99,35.44,34.27,35.48,43998207.00
18/07/2012,34.96,34.75,34.65,35.23,28948255.00
19/07/2012,34.46,35.02,34.31,35.17,34390711.00
20/07/2012,33.90,34.05,33.90,34.13,36301590.00
23/07/2012,34.44,33.24,33.10,34.50,41248260.00
24/07/2012,34.73,34.58,34.22,34.89,29929501.00
25/07/2012,35.17,34.98,34.79,35.45,32129081.00
26/07/2012,35.81,35.78,35.34,35.94,28903218.00
27/07/2012,36.89,36.01,35.51,37.20,63640527.00
30/07/2012,36.14,36.50,35.94,36.52,30701699.00
31/07/2012,36.00,36.11,35.91,36.33,19686716.00
01/08/2012,36.00,36.19,35.82,36.40,22184446.00
02/08/2012,35.17,35.62,34.76,35.84,36677078.00
03/08/2012,36.09,35.82,35.50,36.29,24516267.00
06/08/2012,36.30,36.24,36.11,36.80,18979186.00
07/08/2012,37.01,36.57,36.57,37.87,37225761.00
08/08/2012,37.16,36.85,36.75,37.48,18677116.00
09/08/2012,36.92,36.72,36.59,37.26,23408157.00
10/08/2012,36.97,36.76,36.40,37.00,15492665.00
13/08/2012,36.99,36.87,36.65,37.09,14457113.00
14/08/2012,37.10,37.42,36.98,37.64,18068149.00
15/08/2012,37.07,37.07,36.95,37.41,17525863.00
16/08/2012,37.10,37.18,36.80,37.35,15895973.00
17/08/2012,36.98,37.20,36.80,37.20,17080761.00
20/08/2012,37.37,36.92,36.80,37.50,17926581.00
21/08/2012,38.04,37.63,37.56,38.86,36887510.00
22/08/2012,37.83,37.88,37.56,38.18,16902860.00
23/08/2012,37.23,37.81,37.20,37.89,16431048.00
24/08/2012,37.17,36.94,36.67,37.44,20021563.00
27/08/2012,37.23,37.31,36.90,37.44,17619128.00
28/08/2012,37.13,37.10,36.90,37.49,18053276.00
29/08/2012,37.30,37.32,37.06,37.49,13688324.00
30/08/2012,36.90,37.06,36.71,37.13,13701589.00
31/08/2012,37.14,37.14,36.86,37.40,16775701.00
04/09/2012,37.01,36.98,36.78,37.24,13634888.00
05/09/2012,37.11,37.08,36.94,37.29,13538409.00
06/09/2012,38.69,37.58,37.50,38.87,41356607.00
07/09/2012,39.30,39.04,39.00,39.53,28087896.00
10/09/2012,38.76,39.23,38.73,39.78,20858745.00
11/09/2012,39.60,38.80,38.73,39.63,22380345.00
12/09/2012,39.92,39.88,39.79,40.25,29883726.00
13/09/2012,41.40,39.84,39.59,41.58,47020628.00
14/09/2012,41.57,41.96,41.23,42.09,43477367.00
17/09/2012,41.19,41.00,40.95,41.44,19741058.00
18/09/2012,41.26,41.05,40.66,41.33,25189352.00
19/09/2012,41.34,41.33,41.04,41.76,22887181.00
20/09/2012,41.25,40.96,40.55,41.28,20998581.00
21/09/2012,40.88,41.53,40.77,41.70,28299063.00
24/09/2012,41.23,40.61,40.59,41.47,20504116.00
25/09/2012,40.55,41.55,40.53,41.55,21991228.00
26/09/2012,40.24,40.15,39.70,40.63,23785658.00
27/09/2012,40.68,40.40,40.21,40.99,20843887.00
28/09/2012,40.48,40.42,40.16,40.63,21382009.00
01/10/2012,40.97,40.88,40.80,41.50,21957111.00
02/10/2012,40.92,41.14,40.56,41.24,26946068.00
03/10/2012,40.86,40.83,40.42,41.00,22421111.00
04/10/2012,41.82,41.16,40.91,41.99,24334091.00
05/10/2012,41.71,42.04,41.46,42.44,22777435.00
08/10/2012,41.66,41.33,41.11,41.84,18635403.00
09/10/2012,41.38,41.77,41.30,41.95,19956705.00
10/10/2012,41.77,41.55,41.33,42.00,25803795.00
11/10/2012,42.10,42.37,41.85,42.64,27755002.00
12/10/2012,41.62,41.60,41.15,42.43,44570634.00
15/10/2012,42.38,41.91,41.73,42.41,26277471.00
16/10/2012,42.83,42.79,42.27,43.11,28594052.00
17/10/2012,43.32,42.93,42.77,43.54,26180558.00
18/10/2012,43.01,43.09,42.75,43.35,23633913.00
19/10/2012,42.32,42.80,42.06,42.82,29748466.00
22/10/2012,42.09,42.25,41.50,42.52,27996092.00
23/10/2012,41.33,41.47,41.05,41.74,22897318.00
24/10/2012,41.71,41.68,41.34,41.88,18919320.00
25/10/2012,41.67,42.24,41.40,42.28,17311695.00
26/10/2012,41.16,41.42,40.87,41.66,21893909.00
31/10/2012,41.68,41.45,41.15,41.79,19428720.00
01/11/2012,42.84,41.70,41.58,42.90,23328281.00
02/11/2012,42.42,43.04,42.33,43.07,17029679.00
05/11/2012,42.27,42.33,41.86,42.36,13253683.00
06/11/2012,42.88,42.57,42.41,43.05,17196716.00
07/11/2012,40.48,42.01,40.31,42.01,47631169.00
08/11/2012,40.40,41.28,40.40,41.50,27830997.00
09/11/2012,40.62,40.31,39.86,41.23,27559061.00
12/11/2012,40.58,40.85,40.30,40.91,12820369.00
13/11/2012,40.04,40.18,40.00,40.52,19799080.00
14/11/2012,39.29,40.21,39.13,40.37,30995630.00
15/11/2012,39.39,39.06,38.97,39.72,24859853.00
16/11/2012,39.53,39.43,38.83,39.67,32462098.00
19/11/2012,40.59,40.09,40.09,40.70,26784470.00
20/11/2012,40.70,40.33,40.25,41.18,19379181.00
21/11/2012,40.73,40.94,40.35,40.98,13035979.00
23/11/2012,41.09,41.10,40.97,41.22,8316667.00
26/11/2012,40.88,40.79,40.09,40.88,20376505.00
27/11/2012,40.75,40.87,40.64,41.20,19876930.00
28/11/2012,40.83,40.49,39.88,40.88,26112040.00
29/11/2012,41.22,41.15,40.91,41.35,18910626.00
30/11/2012,41.08,40.99,40.85,41.34,20081805.00
03/12/2012,40.81,41.27,40.75,41.37,18965875.00
04/12/2012,40.57,40.78,40.20,40.92,24036982.00
05/12/2012,41.20,40.69,40.50,41.49,25515569.00
06/12/2012,41.47,41.25,41.11,41.55,20541648.00
07/12/2012,42.56,41.84,41.73,42.57,34559111.00
10/12/2012,42.31,42.54,42.01,42.67,22397285.00
11/12/2012,42.64,42.60,42.42,43.09,21959925.00
12/12/2012,42.77,43.00,42.70,43.38,23110567.00
13/12/2012,42.78,42.65,42.50,42.92,18461750.00
14/12/2012,42.81,42.77,42.71,43.11,16208762.00
17/12/2012,43.48,43.00,42.81,43.51,23889797.00
18/12/2012,43.87,43.83,43.31,43.94,33867674.00
19/12/2012,43.53,43.99,43.42,44.39,34352174.00
20/12/2012,44.53,43.69,43.41,44.54,25016763.00
21/12/2012,44.00,43.82,43.34,44.20,38986323.00
24/12/2012,43.92,43.72,43.71,44.02,8622420.00
26/12/2012,43.96,43.95,43.72,44.18,11499413.00
27/12/2012,43.63,43.96,42.90,44.02,19566946.00
28/12/2012,43.24,43.10,43.09,43.69,15403478.00
31/12/2012,43.97,43.10,43.05,44.00,24213813.00
02/01/2013,44.66,44.98,44.22,45.00,31421123.00
03/01/2013,44.57,44.74,44.20,44.75,24228885.00
04/01/2013,45.36,44.45,44.44,45.43,24491604.00
07/01/2013,45.41,45.09,45.02,45.49,24457249.00
08/01/2013,45.50,45.40,44.96,45.50,19625226.00
09/01/2013,45.47,45.56,45.14,46.20,25923639.00
10/01/2013,46.15,45.89,45.53,46.16,23420153.00
11/01/2013,46.14,45.97,45.47,46.15,19723892.00
14/01/2013,45.88,45.89,45.48,46.18,19079465.00
15/01/2013,46.35,45.49,45.35,46.47,29905738.00
16/01/2013,46.82,45.91,45.57,46.83,43459526.00
17/01/2013,46.44,46.40,46.29,46.87,41097680.00
18/01/2013,46.46,46.38,46.18,46.60,28694707.00
22/01/2013,46.54,46.25,46.13,46.55,24259226.00
23/01/2013,46.23,46.23,45.92,46.44,19112157.00
24/01/2013,46.37,46.24,46.08,46.80,20017415.00
25/01/2013,47.16,46.74,46.61,47.16,26014637.00
28/01/2013,46.64,46.84,46.48,47.00,19708169.00
29/01/2013,47.12,46.28,46.25,47.16,19910343.00
30/01/2013,47.13,47.04,46.96,47.35,18636633.00
31/01/2013,47.05,47.01,46.88,47.22,19541263.00
01/02/2013,47.85,47.40,47.21,48.00,24527532.00
04/02/2013,47.68,47.54,47.38,47.81,20828175.00
05/02/2013,48.79,47.94,47.93,48.80,28068446.00
06/02/2013,48.61,48.42,48.32,48.83,28286377.00
07/02/2013,48.23,48.65,47.90,48.75,21432016.00
08/02/2013,48.63,48.33,48.26,48.69,15219612.00
11/02/2013,48.66,48.51,48.38,48.90,13937728.00
12/02/2013,49.14,48.80,48.60,49.31,16393466.00
13/02/2013,48.68,49.35,48.50,49.45,21637319.00
14/02/2013,49.22,48.40,48.37,49.29,18020155.00
15/02/2013,48.88,49.35,48.57,49.46,20016541.00
19/02/2013,49.45,49.12,49.12,49.68,20450050.00
20/02/2013,48.61,49.35,48.36,49.54,24789397.00
21/02/2013,48.25,48.41,47.83,48.45,24445078.00
22/02/2013,48.91,48.63,48.41,48.91,23586192.00
25/02/2013,47.70,49.10,47.65,49.20,32776345.00
26/02/2013,47.60,48.22,46.85,48.26,39407782.00
27/02/2013,49.28,47.85,47.76,49.40,31932363.00
28/02/2013,48.92,49.16,48.75,49.55,24718064.00
01/03/2013,48.91,48.60,48.37,49.42,25925897.00
04/03/2013,49.10,48.73,48.33,49.14,17698510.00
05/03/2013,49.49,49.49,49.31,50.11,25565033.00
06/03/2013,50.03,49.88,49.62,50.19,19611229.00
07/03/2013,50.63,50.05,50.01,50.86,24252643.00
08/03/2013,50.20,50.59,49.61,50.85,32726854.00
11/03/2013,50.48,50.23,49.91,50.77,19473159.00
12/03/2013,50.28,50.35,50.05,50.67,18006118.00
13/03/2013,50.16,50.29,50.11,50.43,16686257.00
14/03/2013,51.00,50.25,50.19,51.00,26380348.00
15/03/2013,50.02,49.97,49.15,50.29,60908739.00
18/03/2013,49.51,49.19,48.95,49.66,28017768.00
19/03/2013,49.20,49.65,48.68,49.99,24418504.00
20/03/2013,49.12,49.57,49.04,49.64,19388482.00
21/03/2013,48.35,48.79,48.35,49.23,23543287.00
22/03/2013,48.78,48.63,48.34,49.00,22799985.00
25/03/2013,48.52,49.04,48.16,49.32,23582710.00
26/03/2013,48.64,48.74,48.32,48.97,16420085.00
27/03/2013,47.77,48.20,47.56,48.31,26534597.00
28/03/2013,47.46,47.84,47.28,47.93,27519846.00
01/04/2013,47.83,47.55,47.49,47.99,17449299.00
02/04/2013,48.28,48.01,47.88,48.38,17276418.00
03/04/2013,46.85,48.03,46.53,48.07,33475105.00
04/04/2013,47.49,46.96,46.90,47.54,21516666.00
05/04/2013,47.91,46.79,46.75,48.04,22964186.00
08/04/2013,48.58,47.88,47.59,48.59,18675807.00
09/04/2013,48.68,48.74,48.46,48.96,20066632.00
10/04/2013,49.25,48.94,48.88,49.56,20389881.00
11/04/2013,49.31,49.21,48.83,49.60,22584616.00
12/04/2013,49.01,48.90,48.45,49.58,37808388.00
15/04/2013,47.93,48.39,47.90,49.34,31528338.00
16/04/2013,48.49,48.43,47.59,48.52,23866838.00
17/04/2013,46.79,48.11,46.38,48.18,43473273.00
18/04/2013,46.64,46.80,46.05,47.33,26106845.00
19/04/2013,47.23,47.15,46.70,47.36,19753205.00
22/04/2013,47.35,47.40,46.87,47.49,15232043.00
23/04/2013,48.17,47.68,47.39,48.24,20568406.00
24/04/2013,48.72,48.32,48.16,48.92,16462785.00
25/04/2013,49.00,49.02,48.89,49.63,19063807.00
26/04/2013,48.88,48.86,48.61,49.09,13931035.00
29/04/2013,48.92,49.08,48.65,49.10,13498061.00
30/04/2013,49.01,48.96,48.72,49.25,13805540.00
01/05/2013,48.01,48.76,47.85,48.91,17687511.00
02/05/2013,48.08,48.25,47.71,48.25,15529736.00
03/05/2013,47.57,48.63,46.98,48.70,43273931.00
06/05/2013,48.18,47.71,47.57,48.39,20830656.00
07/05/2013,49.14,48.57,48.26,49.39,24291602.00
08/05/2013,49.76,49.22,49.11,49.99,23565162.00
09/05/2013,49.04,49.70,48.92,49.81,18103144.00
10/05/2013,48.96,49.05,48.64,49.23,16200456.00
13/05/2013,49.67,48.84,48.61,49.70,23987718.00
14/05/2013,50.23,49.77,49.66,50.42,24190788.00
15/05/2013,51.09,50.20,50.15,51.43,27470078.00
16/05/2013,50.97,50.87,50.84,51.66,21391585.00
17/05/2013,52.30,51.26,51.25,52.33,26095658.00
20/05/2013,52.29,52.28,51.91,52.63,22020134.00
21/05/2013,53.02,52.53,52.45,53.67,37122039.00
22/05/2013,53.63,53.43,53.29,54.96,46975855.00
23/05/2013,53.35,52.82,52.66,53.79,25299869.00
24/05/2013,53.66,52.90,52.72,53.66,18343221.00
28/05/2013,54.60,54.56,54.03,54.65,27168406.00
29/05/2013,54.67,54.09,53.91,54.96,20484210.00
30/05/2013,55.62,54.60,54.53,55.90,24890794.00
31/05/2013,54.59,55.71,54.59,55.83,24996488.00
03/06/2013,54.49,54.60,53.04,54.86,28284621.00
04/06/2013,54.04,54.54,53.87,55.39,22024367.00
05/06/2013,53.03,53.78,52.70,54.27,24329847.00
06/06/2013,53.50,52.84,52.27,53.52,23946336.00
07/06/2013,54.27,53.77,53.41,54.48,21692593.00
10/06/2013,54.36,54.64,54.02,54.84,16007865.00
11/06/2013,53.49,53.46,53.11,54.05,17603986.00
12/06/2013,53.18,53.90,52.96,54.10,18481270.00
13/06/2013,54.17,53.00,52.97,54.24,17090655.00
14/06/2013,53.13,54.04,52.91,54.13,17189687.00
17/06/2013,53.85,53.70,53.54,54.26,16857603.00
18/06/2013,54.11,54.03,53.72,54.27,13261393.00
19/06/2013,53.55,53.99,53.52,54.51,20848948.00
20/06/2013,52.48,53.08,52.27,53.18,31868373.00
21/06/2013,51.96,52.96,51.69,52.98,44416045.00
24/06/2013,50.92,50.88,50.11,51.45,30736424.00
25/06/2013,52.08,51.51,51.51,52.56,20954482.00
26/06/2013,52.50,52.65,51.88,52.80,19333681.00
27/06/2013,53.15,53.03,52.88,53.49,17094917.00
28/06/2013,52.79,53.12,52.58,53.13,18264399.00
01/07/2013,52.49,53.22,52.43,53.63,23522935.00
02/07/2013,52.80,52.57,52.12,53.53,23945834.00
03/07/2013,52.77,52.31,52.21,52.81,10443381.00
05/07/2013,53.99,53.36,53.11,54.00,17077144.00
08/07/2013,54.70,54.54,54.05,54.91,21789640.00
09/07/2013,54.89,55.07,54.19,55.17,20515315.00
10/07/2013,54.83,54.77,54.44,55.15,16915573.00
11/07/2013,55.14,55.84,54.55,55.87,21322522.00
12/07/2013,54.97,55.51,54.75,55.85,32571799.00
15/07/2013,54.89,55.49,54.60,55.50,28300795.00
16/07/2013,55.01,54.90,54.78,55.41,19224790.00
17/07/2013,55.27,55.05,54.84,55.58,19171393.00
18/07/2013,56.37,55.51,55.49,56.53,24567458.00
19/07/2013,56.16,56.51,55.91,56.56,17764823.00
22/07/2013,56.56,56.17,55.95,56.67,16003738.00
23/07/2013,56.67,56.72,56.48,56.89,10579046.00
24/07/2013,56.63,56.92,56.38,56.93,16666802.00
25/07/2013,56.50,56.45,55.89,56.50,13875417.00
26/07/2013,56.05,56.06,55.60,56.22,16767435.00
29/07/2013,55.69,55.98,55.38,56.00,10057579.00
30/07/2013,55.33,55.87,55.08,56.00,14210071.00
31/07/2013,55.73,55.58,55.51,56.27,19409613.00
01/08/2013,56.54,56.36,56.20,56.78,15979674.00
02/08/2013,56.49,56.27,56.01,56.52,11009689.00
05/08/2013,56.10,56.33,56.01,56.58,9377651.00
06/08/2013,55.49,55.99,55.31,56.10,10589217.00
07/08/2013,55.30,55.06,54.78,55.47,12828764.00
08/08/2013,54.83,55.42,54.13,55.73,18589565.00
09/08/2013,54.52,54.69,54.33,55.15,12657547.00
12/08/2013,54.09,54.04,53.68,54.32,15133367.00
13/08/2013,54.29,54.22,53.60,54.70,15082231.00
14/08/2013,54.15,54.33,54.00,54.85,15792655.00
15/08/2013,53.29,53.52,52.89,53.68,16933185.00
16/08/2013,53.29,53.07,53.07,53.78,17141448.00
19/08/2013,51.83,52.89,51.80,52.95,22793513.00
20/08/2013,52.12,51.78,50.66,52.36,18701423.00
21/08/2013,51.63,51.92,51.28,52.22,17138265.00
22/08/2013,52.21,52.00,51.93,52.66,14660232.00
23/08/2013,52.32,52.27,51.90,52.43,11126713.00
26/08/2013,51.80,52.16,51.79,52.54,16549623.00
27/08/2013,50.60,51.02,50.55,51.55,23606736.00
28/08/2013,50.58,50.33,50.13,51.05,18753074.00
29/08/2013,50.70,50.59,50.45,51.18,13581495.00
30/08/2013,50.53,50.82,50.29,50.83,15871865.00
03/09/2013,51.13,51.25,50.83,51.72,15278128.00
04/09/2013,51.87,51.16,50.93,52.10,19931752.00
05/09/2013,52.11,52.03,51.91,52.52,13916586.00
06/09/2013,52.56,52.41,51.28,52.71,22343319.00
09/09/2013,52.86,52.78,52.52,53.19,19936338.00
10/09/2013,53.67,53.83,53.30,53.93,20234537.00
11/09/2013,53.26,53.37,53.06,53.76,16034668.00
12/09/2013,52.24,53.43,52.08,53.71,21981126.00
13/09/2013,52.59,52.29,52.23,52.80,11945263.00
16/09/2013,53.14,53.45,52.98,53.49,17125652.00
17/09/2013,53.09,53.19,52.88,53.32,13207266.00
18/09/2013,53.41,52.69,52.56,53.87,20876558.00
19/09/2013,52.75,53.63,52.53,53.75,22452271.00
20/09/2013,52.80,52.95,52.80,53.47,30795890.00
23/09/2013,51.46,52.08,51.39,52.38,28189452.00
24/09/2013,50.32,51.01,50.30,51.28,34906865.00
25/09/2013,51.70,50.22,50.06,51.90,39175565.00
26/09/2013,51.89,51.93,51.54,52.56,22307376.00
27/09/2013,52.24,51.50,51.39,52.40,23025958.00
30/09/2013,51.69,51.73,51.44,52.09,21350631.00
01/10/2013,51.96,51.64,51.45,52.09,19187967.00
02/10/2013,52.09,51.32,51.29,52.45,23859229.00
03/10/2013,51.94,52.00,51.50,52.20,18614460.00
04/10/2013,52.67,52.07,52.01,52.68,17407162.00
07/10/2013,51.83,52.29,51.83,52.36,16159259.00
08/10/2013,50.87,51.83,50.84,51.96,19536035.00
09/10/2013,50.75,51.17,50.25,51.34,24721193.00
10/10/2013,52.52,51.84,51.38,52.56,24328712.00
11/10/2013,52.51,52.96,52.16,53.35,32498774.00
14/10/2013,52.71,51.94,51.76,52.84,18881586.00
15/10/2013,52.31,52.91,52.18,53.04,17566460.00
16/10/2013,54.00,52.61,52.58,54.05,24864021.00
17/10/2013,54.21,53.79,53.61,54.29,17790971.00
18/10/2013,54.30,54.26,53.80,54.58,24805953.00
21/10/2013,54.27,54.27,53.89,54.85,19471674.00
22/10/2013,53.62,54.65,53.62,54.68,24820908.00
23/10/2013,52.75,53.31,52.72,53.36,21034427.00
24/10/2013,52.48,52.84,52.11,52.89,17759031.00
25/10/2013,52.77,52.16,52.07,52.91,20889569.00
28/10/2013,52.68,52.89,52.50,53.09,14836830.00
29/10/2013,52.73,52.83,52.25,52.99,23363056.00
30/10/2013,52.60,53.00,52.50,53.24,16157237.00
31/10/2013,51.54,52.65,51.54,52.71,23737966.00
01/11/2013,52.51,51.45,51.30,52.71,25796825.00
04/11/2013,52.04,52.74,52.00,52.76,18895794.00
05/11/2013,51.95,51.85,51.66,52.13,14532200.00
06/11/2013,52.10,52.26,51.83,52.34,14013047.00
07/11/2013,51.65,52.13,51.58,52.34,17348895.00
08/11/2013,53.96,51.83,51.80,53.97,31186943.00
11/11/2013,54.10,53.91,53.70,54.15,12066340.00
12/11/2013,53.97,53.93,53.60,54.08,15964769.00
13/11/2013,54.14,53.52,53.15,54.20,22121852.00
14/11/2013,54.40,54.26,53.70,54.50,17633988.00
15/11/2013,54.87,54.27,54.19,54.96,20530108.00
18/11/2013,55.74,55.49,55.30,56.00,22318779.00
19/11/2013,56.15,55.97,55.78,56.64,22979874.00
20/11/2013,56.10,56.43,55.77,56.44,17688310.00
21/11/2013,57.22,56.28,56.28,57.40,22843587.00
22/11/2013,57.46,57.25,57.06,57.52,16734060.00
25/11/2013,57.65,57.50,57.41,58.14,18649810.00
26/11/2013,57.17,57.63,57.17,57.96,16267215.00
27/11/2013,57.48,57.58,57.33,57.83,11238931.00
29/11/2013,57.22,57.58,57.20,57.85,7128768.00
02/12/2013,56.98,57.10,56.90,57.75,12465770.00
03/12/2013,56.86,56.89,56.14,57.22,20435785.00
04/12/2013,57.19,56.44,56.21,57.47,20287248.00
05/12/2013,55.82,56.71,55.75,56.74,21329688.00
06/12/2013,56.06,56.57,55.62,56.76,18661169.00
09/12/2013,56.51,56.28,56.09,56.53,12713970.00
10/12/2013,56.70,56.49,56.35,57.07,14543743.00
11/12/2013,56.07,56.54,55.96,56.77,17836095.00
12/12/2013,56.31,56.05,55.91,56.60,15325286.00
13/12/2013,56.17,56.37,56.04,56.56,11465731.00
16/12/2013,56.42,56.34,56.33,56.94,26379183.00
17/12/2013,55.72,56.66,55.66,56.66,18338501.00
18/12/2013,57.24,55.84,55.40,57.27,27691408.00
19/12/2013,57.23,57.10,56.82,57.54,16764459.00
20/12/2013,57.70,57.21,57.20,58.00,22001671.00
23/12/2013,58.24,57.97,57.80,58.39,13990627.00
24/12/2013,58.25,58.07,58.04,58.29,4532643.00
26/12/2013,58.20,58.35,57.92,58.46,6677090.00
27/12/2013,58.14,58.17,58.06,58.35,8944562.00
30/12/2013,57.95,58.14,57.71,58.27,8815823.00
31/12/2013,58.48,58.20,58.05,58.55,11021128.00
02/01/2014,58.21,58.31,57.97,58.50,15637267.00
03/01/2014,58.66,58.29,58.21,58.95,14220320.00
06/01/2014,59.00,59.16,58.83,59.47,17562447.00
07/01/2014,58.32,59.29,58.11,59.43,17869722.00
08/01/2014,58.87,58.54,58.30,58.91,14694818.00
09/01/2014,58.76,58.98,58.33,59.00,13248583.00
10/01/2014,58.49,58.67,58.18,58.76,12704391.00
13/01/2014,57.70,58.51,57.53,58.67,20773435.00
14/01/2014,57.74,58.30,57.56,58.58,30318950.00
15/01/2014,59.49,57.73,57.73,59.65,35223534.00
16/01/2014,58.99,58.79,58.74,59.82,21691909.00
17/01/2014,58.11,59.21,58.03,59.23,21064942.00
21/01/2014,58.17,58.09,57.58,58.44,19559288.00
22/01/2014,57.59,58.33,57.42,58.33,15484711.00
23/01/2014,56.47,57.09,56.21,57.10,26243452.00
24/01/2014,55.09,56.00,55.09,56.36,27111279.00
27/01/2014,55.09,55.08,54.69,55.80,23944206.00
28/01/2014,55.74,55.39,55.24,56.34,18061718.00
29/01/2014,55.53,54.96,54.85,55.87,25471398.00
30/01/2014,56.00,56.07,55.63,56.39,17060108.00
31/01/2014,55.36,55.50,55.18,56.11,18201808.00
03/02/2014,54.31,55.50,54.20,55.92,28572189.00
04/02/2014,54.95,54.72,54.60,55.35,20775934.00
05/02/2014,55.21,55.10,54.58,55.45,19499578.00
06/02/2014,56.48,55.35,55.20,56.55,20921199.00
07/02/2014,56.62,56.65,56.26,56.93,25065229.00
10/02/2014,56.74,56.77,56.39,56.92,14727327.00
11/02/2014,57.43,56.61,56.58,57.57,18817088.00
12/02/2014,57.52,57.34,57.16,57.71,13447621.00
13/02/2014,58.03,57.07,56.96,58.10,16607191.00
14/02/2014,58.15,57.89,57.75,58.23,13186804.00
18/02/2014,58.49,58.02,57.90,58.65,14992626.00
19/02/2014,57.26,58.36,57.22,58.54,18687923.00
20/02/2014,57.58,57.53,57.27,57.97,12463670.00
21/02/2014,57.61,57.59,57.37,57.84,16790791.00
24/02/2014,58.03,57.62,57.58,58.23,16211245.00
25/02/2014,57.03,57.90,56.92,57.98,17996128.00
26/02/2014,56.75,57.37,56.22,57.38,23674645.00
27/02/2014,56.69,56.78,56.14,56.89,16285365.00
28/02/2014,56.82,56.57,56.39,57.45,18599829.00
03/03/2014,56.21,56.30,55.69,56.42,19154871.00
04/03/2014,57.26,56.95,56.64,57.36,17174334.00
05/03/2014,58.16,57.48,57.36,58.29,17762232.00
06/03/2014,58.90,58.51,58.40,59.09,19430068.00
07/03/2014,59.40,59.35,59.07,59.80,18615141.00
10/03/2014,59.20,59.14,58.87,59.48,16965386.00
11/03/2014,58.19,59.42,58.13,59.45,19436589.00
12/03/2014,57.92,57.70,57.42,57.96,17937197.00
13/03/2014,57.42,58.00,57.19,58.34,17192490.00
14/03/2014,56.80,57.11,56.62,57.53,18635842.00
17/03/2014,57.58,57.21,57.05,57.70,13589185.00
18/03/2014,58.06,57.82,57.62,58.16,12554754.00
19/03/2014,58.30,57.99,57.89,58.93,21450652.00
20/03/2014,60.11,58.36,58.13,60.49,33736470.00
21/03/2014,60.17,60.96,60.00,61.20,35151970.00
24/03/2014,61.07,60.37,60.35,61.19,25810459.00
25/03/2014,60.93,61.11,60.56,61.48,24053467.00
26/03/2014,59.90,61.24,59.89,61.40,22745202.00
27/03/2014,59.92,59.94,59.02,60.55,24632614.00
28/03/2014,60.04,60.21,59.68,60.59,14708741.00
31/03/2014,60.71,60.83,60.60,61.02,15216691.00
01/04/2014,60.67,60.95,60.37,61.29,14586580.00
02/04/2014,60.48,60.37,60.20,60.77,14012233.00
03/04/2014,60.66,60.65,60.28,60.80,11925208.00
04/04/2014,59.81,61.02,59.80,61.06,16966909.00
07/04/2014,59.00,59.69,58.84,60.00,18685680.00
08/04/2014,58.85,58.80,58.25,59.02,16956476.00
09/04/2014,59.27,59.10,58.50,59.45,15308441.00
10/04/2014,57.40,59.35,57.38,59.39,29977179.00
11/04/2014,55.30,55.18,54.55,56.05,47248387.00
14/04/2014,54.96,55.85,54.48,55.94,31081491.00
15/04/2014,54.80,55.09,54.35,55.64,26693846.00
16/04/2014,55.26,55.00,54.69,55.35,27050795.00
17/04/2014,55.22,55.34,55.01,55.57,17955801.00
21/04/2014,55.03,55.26,54.99,55.41,12384757.00
22/04/2014,55.81,55.04,54.94,56.08,16265271.00
23/04/2014,56.05,55.80,55.56,56.12,11381029.00
24/04/2014,56.19,56.07,55.61,56.26,15368188.00
25/04/2014,55.70,56.31,55.64,56.35,15939621.00
28/04/2014,55.49,55.63,54.68,55.70,21394062.00
29/04/2014,56.10,55.73,55.57,56.31,13453407.00
30/04/2014,55.98,56.24,55.72,56.35,14388102.00
01/05/2014,55.72,55.92,55.50,56.19,12744643.00
02/05/2014,55.58,55.83,55.44,56.37,15153795.00
05/05/2014,54.22,53.88,53.70,54.74,25237392.00
06/05/2014,53.34,54.04,53.32,54.06,25327415.00
07/05/2014,54.05,53.55,53.24,54.12,18503048.00
08/05/2014,54.36,54.20,54.06,54.53,16091486.00
09/05/2014,54.01,54.22,53.68,54.31,12366481.00
12/05/2014,54.65,54.27,54.03,54.70,12825906.00
13/05/2014,54.62,54.74,54.50,54.83,12310881.00
14/05/2014,54.36,54.64,54.30,54.70,10334933.00
15/05/2014,53.51,54.20,53.35,54.20,19763012.00
16/05/2014,53.31,53.42,52.97,53.51,19993160.00
19/05/2014,53.83,53.08,53.06,53.91,12068854.00
20/05/2014,53.72,53.72,53.41,54.04,16888227.00
21/05/2014,54.12,54.05,53.98,54.60,13210922.00
22/05/2014,54.55,54.17,54.02,54.60,11801568.00
23/05/2014,54.53,54.55,54.16,54.59,10878697.00
27/05/2014,55.14,54.75,54.69,55.43,14503732.00
28/05/2014,55.45,55.09,55.00,55.60,11374958.00
29/05/2014,55.72,55.75,55.39,55.92,11741707.00
30/05/2014,55.57,55.58,55.31,55.88,11991312.00
02/06/2014,55.35,55.65,55.02,55.65,9440042.00
03/06/2014,55.60,55.09,55.09,55.66,9132297.00
04/06/2014,55.68,55.52,55.25,55.73,9728053.00
05/06/2014,56.63,55.91,55.49,56.66,16804644.00
06/06/2014,56.97,56.76,56.65,57.13,15399844.00
09/06/2014,57.42,56.91,56.90,57.67,12000038.00
10/06/2014,57.90,57.47,57.39,57.94,11609169.00
11/06/2014,57.27,57.48,56.98,57.79,14232171.00
12/06/2014,57.04,57.07,56.87,57.42,11677911.00
13/06/2014,57.04,57.03,56.88,57.67,12044435.00
16/06/2014,56.87,56.85,56.33,56.95,11199075.00
17/06/2014,57.42,56.79,56.68,57.59,11200522.00
18/06/2014,57.78,57.29,56.95,57.81,13737143.00
19/06/2014,57.30,57.69,57.21,57.69,11624383.00
20/06/2014,57.55,57.69,57.35,57.77,17126425.00
23/06/2014,58.19,57.54,57.24,58.22,16009479.00
24/06/2014,57.42,57.88,57.30,58.12,12323320.00
25/06/2014,57.53,57.22,56.87,57.74,14843900.00
26/06/2014,57.39,57.34,56.60,57.49,11854621.00
27/06/2014,57.53,57.33,57.24,57.70,10178566.00
30/06/2014,57.62,57.44,57.38,57.78,11549859.00
01/07/2014,57.57,57.15,57.08,57.99,14472160.00
02/07/2014,56.97,57.27,56.82,57.48,19199260.00
03/07/2014,57.05,57.23,57.00,57.65,12599842.00
07/07/2014,56.67,56.89,56.40,56.99,13918743.00
08/07/2014,55.76,56.35,55.63,56.47,18345729.00
09/07/2014,56.02,55.88,55.61,56.12,10914251.00
10/07/2014,55.56,55.06,54.96,55.81,12436589.00
11/07/2014,55.80,55.29,55.19,55.91,10236860.00
14/07/2014,56.29,56.53,56.20,56.84,14011991.00
15/07/2014,58.27,57.95,57.76,58.69,36219126.00
16/07/2014,58.71,58.51,58.31,58.98,20515604.00
17/07/2014,57.86,58.56,57.76,58.86,17015955.00
18/07/2014,58.23,58.33,57.90,58.48,12803917.00
21/07/2014,58.24,58.12,57.90,58.41,9148506.00
22/07/2014,58.67,58.42,58.37,58.80,10376795.00
23/07/2014,59.00,58.76,58.52,59.19,11122085.00
24/07/2014,59.17,59.07,58.99,59.35,9844323.00
25/07/2014,59.01,58.92,58.84,59.27,10500572.00
28/07/2014,59.19,58.94,58.67,59.26,12383894.00
29/07/2014,58.64,59.13,58.44,59.13,13498827.00
30/07/2014,58.91,59.02,58.61,59.28,11821992.00
31/07/2014,57.67,58.65,57.66,58.68,15958788.00
01/08/2014,56.48,57.39,55.97,57.49,23916665.00
04/08/2014,56.65,56.91,56.34,56.98,13547228.00
05/08/2014,56.06,56.43,55.60,56.60,16863698.00
06/08/2014,56.23,55.89,55.83,56.69,12192567.00
07/08/2014,55.91,56.63,55.68,56.69,11743838.00
08/08/2014,56.34,55.89,55.64,56.36,12213225.00
11/08/2014,56.32,56.54,56.17,56.58,9066796.00
12/08/2014,56.35,56.23,56.13,56.55,11290657.00
13/08/2014,56.72,56.69,56.51,56.84,7019479.00
14/08/2014,56.98,56.77,56.70,57.00,8275920.00
15/08/2014,56.75,57.24,56.39,57.50,12727664.00
18/08/2014,57.23,56.86,56.76,57.43,8881423.00
19/08/2014,57.56,57.60,57.34,57.72,9040484.00
20/08/2014,57.64,57.42,57.39,57.85,8121363.00
21/08/2014,58.50,57.66,57.60,58.77,12745499.00
22/08/2014,58.49,58.44,58.33,59.08,10228569.00
25/08/2014,59.34,58.98,58.86,59.83,13996764.00
26/08/2014,59.74,59.57,59.39,59.95,10281087.00
27/08/2014,59.59,59.85,59.53,59.95,11410860.00
28/08/2014,59.16,59.25,58.81,59.37,9096101.00
29/08/2014,59.45,59.34,59.23,59.65,8903530.00
02/09/2014,59.67,59.46,59.15,59.71,8678222.00
03/09/2014,59.70,60.02,59.46,60.37,11792109.00
04/09/2014,59.71,59.63,59.43,60.14,9811903.00
05/09/2014,59.91,59.62,59.22,59.91,9600894.00
08/09/2014,59.89,59.84,59.74,60.22,8090047.00
09/09/2014,59.06,59.63,58.78,59.68,14868683.00
10/09/2014,59.22,59.15,58.92,59.56,9157691.00
11/09/2014,59.76,59.18,58.97,59.84,11468573.00
12/09/2014,60.03,59.80,59.75,60.41,14373722.00
15/09/2014,59.94,59.78,59.45,59.99,10685630.00
16/09/2014,59.99,59.71,59.62,60.20,10950516.00
17/09/2014,60.31,59.95,59.82,60.59,15092042.00
18/09/2014,61.32,60.54,60.54,61.40,16973697.00
19/09/2014,61.11,61.74,60.98,61.85,18740479.00
22/09/2014,60.91,60.94,60.80,61.45,13225164.00
23/09/2014,60.94,60.82,60.77,61.40,14335620.00
24/09/2014,61.63,61.18,61.02,61.64,13728243.00
25/09/2014,60.15,61.49,60.15,61.50,16346724.00
26/09/2014,60.56,60.33,60.32,60.88,11948887.00
29/09/2014,60.33,60.03,59.73,60.50,10694938.00
30/09/2014,60.24,60.40,60.13,60.74,14384783.00
01/10/2014,59.77,60.24,59.73,60.40,18995987.00
02/10/2014,58.84,59.15,58.61,59.49,24561606.00
03/10/2014,60.30,59.25,59.05,60.39,18321078.00
06/10/2014,60.18,60.78,60.00,60.80,11578147.00
07/10/2014,59.27,59.92,59.19,59.92,14542010.00
08/10/2014,60.40,59.36,59.18,60.43,15834553.00
09/10/2014,59.08,60.33,58.89,60.33,19191404.00
10/10/2014,58.52,59.03,58.51,59.82,16690858.00
13/10/2014,58.16,58.50,58.11,59.15,17169312.00
14/10/2014,57.99,56.69,56.06,58.52,29096840.00
15/10/2014,55.53,57.02,54.26,57.38,37866911.00
16/10/2014,55.08,54.75,54.28,55.98,31970014.00
17/10/2014,56.20,55.73,55.57,56.78,20183543.00
20/10/2014,56.63,56.10,56.07,56.75,10808475.00
21/10/2014,57.93,57.23,57.08,58.01,14020373.00
22/10/2014,57.45,58.04,57.44,58.26,13750741.00
23/10/2014,58.06,58.12,57.94,58.60,12641874.00
24/10/2014,58.74,58.00,58.00,58.78,13757981.00
27/10/2014,58.64,58.45,58.25,58.79,11087209.00
28/10/2014,59.63,58.87,58.81,59.69,13625017.00
29/10/2014,59.29,59.62,58.76,59.78,16715852.00
30/10/2014,59.39,58.94,58.92,59.68,14709756.00
31/10/2014,60.48,60.12,59.87,60.54,18351059.00
03/11/2014,60.88,60.79,60.36,61.15,11854189.00
04/11/2014,60.25,60.24,59.42,60.37,15295771.00
05/11/2014,61.15,60.80,60.39,61.23,14063812.00
06/11/2014,61.23,61.08,60.63,61.31,10421612.00
07/11/2014,61.47,61.07,60.86,61.55,12384620.00
10/11/2014,61.93,61.25,61.20,61.93,10800981.00
11/11/2014,61.37,61.71,61.29,61.89,12539830.00
12/11/2014,60.56,60.42,60.23,60.84,17219648.00
13/11/2014,60.23,60.50,59.99,60.63,12240366.00
14/11/2014,60.28,60.25,60.18,60.62,6803396.00
17/11/2014,60.38,60.00,59.89,60.53,9017649.00
18/11/2014,60.53,60.35,60.20,60.82,8899839.00
19/11/2014,60.60,60.45,60.15,60.79,9210079.00
20/11/2014,60.12,60.20,59.75,60.25,10917299.00
21/11/2014,60.45,61.07,60.30,61.07,12340450.00
24/11/2014,60.96,60.70,60.70,61.31,8335037.00
25/11/2014,60.30,61.16,59.95,61.16,14802617.00
26/11/2014,60.34,60.57,60.20,60.57,7628731.00
28/11/2014,60.16,60.40,60.03,60.56,6759646.00
01/12/2014,60.00,59.98,59.55,60.21,12771602.00
02/12/2014,61.08,60.01,60.00,61.19,12546594.00
03/12/2014,61.54,60.96,60.81,61.62,12115506.00
04/12/2014,61.38,61.10,60.84,61.57,11542085.00
05/12/2014,62.70,62.01,61.88,63.06,20071134.00
08/12/2014,62.67,62.60,62.26,63.16,15535482.00
09/12/2014,62.45,61.85,61.56,62.85,19676435.00
10/12/2014,60.68,62.16,60.37,62.24,29620579.00
11/12/2014,61.14,61.17,61.11,62.06,16886249.00
12/12/2014,60.04,60.53,59.96,61.22,17405430.00
15/12/2014,59.16,60.74,58.79,60.81,19209927.00
16/12/2014,58.43,58.42,58.11,59.86,20709745.00
17/12/2014,59.77,58.57,58.34,59.83,17856440.00
18/12/2014,61.48,60.64,60.44,61.48,18173357.00
19/12/2014,61.93,61.40,61.37,62.35,22756410.00
22/12/2014,61.94,62.16,61.61,62.33,17073371.00
23/12/2014,62.48,62.05,61.93,62.97,13552615.00
24/12/2014,62.48,62.74,62.27,62.87,7419342.00
26/12/2014,62.55,62.67,62.41,62.89,6086519.00
29/12/2014,62.96,62.42,62.25,63.34,10601197.00
30/12/2014,63.15,62.72,62.57,63.28,7518059.00
31/12/2014,62.58,63.30,62.58,63.49,18529419.00
02/01/2015,62.49,62.62,62.07,62.96,12599991.00
05/01/2015,60.55,62.06,60.23,62.28,20100577.00
06/01/2015,58.98,60.64,58.35,60.75,29074111.00
07/01/2015,59.07,59.89,58.67,59.89,23843244.00
08/01/2015,60.39,59.97,59.97,60.90,16971056.00
09/01/2015,59.34,60.72,59.29,60.79,15396195.00
12/01/2015,58.83,59.28,58.27,59.40,15455234.00
13/01/2015,58.84,59.26,58.37,59.70,21644739.00
14/01/2015,56.81,56.91,55.27,57.00,49602310.00
15/01/2015,54.99,55.73,54.50,56.61,42458146.00
16/01/2015,55.93,54.66,54.64,56.00,29368910.00
20/01/2015,55.71,56.04,55.42,56.39,23477689.00
21/01/2015,55.89,55.45,55.19,56.42,21842362.00
22/01/2015,57.59,56.38,55.96,57.73,31423538.00
23/01/2015,56.68,57.72,56.66,57.87,15458254.00
26/01/2015,56.77,56.41,56.20,56.99,12577658.00
27/01/2015,56.20,56.05,55.76,56.61,15220526.00
28/01/2015,54.75,56.62,54.75,56.68,24354354.00
29/01/2015,55.67,55.27,54.68,55.89,20393264.00
30/01/2015,54.38,54.99,54.37,55.50,26943713.00
02/02/2015,55.47,54.53,54.27,55.65,20308885.00
03/02/2015,56.72,55.91,55.87,56.78,18812501.00
04/02/2015,56.38,56.32,56.28,57.07,14934076.00
05/02/2015,56.77,56.86,56.46,57.04,11293901.00
06/02/2015,57.89,57.75,57.54,58.73,25214001.00
09/02/2015,57.82,57.42,57.23,58.10,14372365.00
10/02/2015,58.46,58.42,58.05,58.71,16367266.00
11/02/2015,58.37,58.06,57.84,58.66,13061925.00
12/02/2015,59.57,58.93,58.55,59.71,23211327.00
13/02/2015,59.67,59.46,59.34,60.22,16479114.00
17/02/2015,60.10,59.36,59.32,60.14,15308763.00
18/02/2015,59.37,59.79,59.12,59.83,14278117.00
19/02/2015,59.23,59.15,58.80,59.48,11256543.00
20/02/2015,59.80,58.96,58.35,59.89,15379042.00
23/02/2015,59.35,59.50,58.80,59.53,16813999.00
24/02/2015,60.82,60.25,60.08,61.25,22937701.00
25/02/2015,61.14,60.76,60.75,61.27,18307912.00
26/02/2015,61.58,61.03,60.91,61.70,15444802.00
27/02/2015,61.28,61.13,61.13,61.92,15225935.00
02/03/2015,61.77,61.24,61.03,61.83,13047328.00
03/03/2015,61.97,61.65,61.50,61.99,13707655.00
04/03/2015,62.13,61.64,61.35,62.17,16626413.00
05/03/2015,62.00,62.20,61.60,62.23,10931262.00
06/03/2015,60.89,62.16,60.80,62.87,22719177.00
09/03/2015,61.50,60.84,60.80,61.63,13001473.00
10/03/2015,59.96,60.76,59.96,61.01,16357724.00
11/03/2015,60.24,60.13,59.96,60.65,13015567.00
12/03/2015,61.37,60.65,60.65,61.45,18159558.00
13/03/2015,61.00,61.40,60.43,61.86,16506155.00
16/03/2015,61.85,61.50,61.25,61.92,15182859.00
17/03/2015,61.61,61.34,60.92,61.66,11718327.00
18/03/2015,61.75,61.39,61.09,62.05,15697854.00
19/03/2015,61.20,61.57,60.76,61.65,11523785.00
20/03/2015,61.75,61.32,61.15,62.10,18368347.00
23/03/2015,61.14,61.75,61.12,62.08,15112872.00
24/03/2015,60.46,60.97,60.45,61.24,12128693.00
25/03/2015,59.61,60.53,59.59,60.64,14950859.00
26/03/2015,59.54,59.46,58.87,59.79,14039559.00
27/03/2015,59.55,59.49,59.00,59.78,11755819.00
30/03/2015,60.96,60.88,60.61,61.46,20656523.00
31/03/2015,60.58,60.72,60.42,60.94,17346667.00
01/04/2015,59.95,60.41,59.73,60.57,18100587.00
02/04/2015,60.52,60.07,60.00,60.70,12697771.00
06/04/2015,60.47,59.92,59.65,60.75,12025243.00
07/04/2015,60.85,61.15,60.85,61.50,11505503.00
08/04/2015,61.05,61.06,60.94,61.56,11733950.00
09/04/2015,61.47,61.27,60.83,61.58,11728495.00
10/04/2015,61.70,61.35,61.20,61.78,9869670.00
13/04/2015,62.07,61.64,61.50,62.27,15468702.00
14/04/2015,63.04,62.96,62.74,63.61,33775406.00
15/04/2015,64.21,63.08,63.01,64.48,28732225.00
16/04/2015,63.81,64.08,63.66,64.27,16640454.00
17/04/2015,62.84,63.25,62.49,63.40,20221236.00
20/04/2015,63.24,63.22,63.14,63.52,12755309.00
21/04/2015,62.31,63.33,62.13,63.60,14985119.00
22/04/2015,62.94,62.65,62.03,63.15,14484658.00
23/04/2015,62.80,62.79,62.60,63.21,12851257.00
24/04/2015,62.60,62.63,62.34,62.84,9597525.00
27/04/2015,62.34,62.70,62.31,63.15,11146409.00
28/04/2015,62.76,62.49,61.77,62.78,12307828.00
29/04/2015,63.60,62.56,62.46,63.89,17601215.00
30/04/2015,63.26,63.58,62.92,63.88,16840865.00
01/05/2015,63.61,63.70,63.33,63.87,11640805.00
04/05/2015,64.72,63.68,63.64,64.87,14972462.00
05/05/2015,64.40,64.51,64.29,65.32,17692369.00
06/05/2015,63.92,64.53,63.42,65.07,18087852.00
07/05/2015,64.50,63.67,63.25,64.60,15039936.00
08/05/2015,65.49,64.97,64.60,65.65,16802611.00
11/05/2015,65.45,65.26,65.08,65.64,13799675.00
12/05/2015,65.36,65.31,64.76,65.54,12762234.00
13/05/2015,65.52,65.42,65.06,65.63,11874274.00
14/05/2015,66.05,65.83,65.71,66.18,11855518.00
15/05/2015,65.88,66.13,65.44,66.16,11152125.00
18/05/2015,66.42,65.80,65.80,66.54,10510893.00
19/05/2015,67.01,66.77,66.57,67.19,14282994.00
20/05/2015,66.48,66.95,66.40,67.03,12446012.00
21/05/2015,66.65,66.14,66.01,66.68,12934474.00
22/05/2015,66.47,66.63,66.32,66.83,9296939.00
26/05/2015,65.73,66.20,65.31,66.29,15571327.00
27/05/2015,66.47,65.95,65.82,66.65,10963652.00
28/05/2015,66.20,66.36,65.74,66.40,11797444.00
29/05/2015,65.78,66.18,65.36,66.22,14310723.00
01/06/2015,66.08,65.99,65.97,66.66,11899261.00
02/06/2015,66.02,65.83,65.58,66.39,12784152.00
03/06/2015,66.70,66.43,66.27,67.13,12927263.00
04/06/2015,66.33,66.31,66.01,67.05,13863283.00
05/06/2015,67.42,67.37,67.01,67.84,20801141.00
08/06/2015,66.89,67.46,66.81,67.55,14558660.00
09/06/2015,67.18,66.95,66.47,67.27,13263493.00
10/06/2015,68.26,67.59,67.47,68.50,17478898.00
11/06/2015,68.52,68.36,68.15,68.68,13739872.00
12/06/2015,68.25,68.31,67.87,68.54,11804741.00
15/06/2015,67.99,67.58,67.30,68.21,14082323.00
16/06/2015,68.37,67.77,67.62,68.52,11692849.00
17/06/2015,68.14,68.41,68.04,68.68,14521889.00
18/06/2015,68.78,68.35,67.90,68.82,16759603.00
19/06/2015,68.08,68.46,67.92,68.67,21606383.00
22/06/2015,68.96,68.87,68.75,69.29,14306669.00
23/06/2015,69.75,69.35,69.19,69.82,15736884.00
24/06/2015,69.02,69.51,68.91,69.77,16995033.00
25/06/2015,68.65,69.32,68.64,69.48,13314291.00
26/06/2015,68.95,68.94,68.77,69.29,14489159.00
29/06/2015,67.20,67.68,67.16,68.26,19934417.00
30/06/2015,67.76,67.89,67.16,68.11,20677358.00
01/07/2015,68.07,68.12,67.78,68.39,13964423.00
02/07/2015,67.52,67.95,67.19,68.13,12822941.00
06/07/2015,67.33,66.88,66.54,67.46,13527098.00
07/07/2015,66.80,67.09,65.30,67.22,22421483.00
08/07/2015,65.43,66.00,65.21,66.16,17707242.00
09/07/2015,66.11,66.49,65.99,66.70,14984705.00
10/07/2015,67.05,67.22,66.83,67.40,12356059.00
13/07/2015,68.09,67.89,67.68,68.14,16175638.00
14/07/2015,69.04,67.98,67.76,69.10,20185118.00
15/07/2015,69.19,69.23,68.85,69.43,16891606.00
16/07/2015,69.56,69.63,69.41,69.95,18035652.00
17/07/2015,69.21,69.35,68.92,69.49,14040686.00
20/07/2015,69.26,69.50,69.18,69.77,11512894.00
21/07/2015,69.10,69.16,68.87,69.54,11659915.00
22/07/2015,70.08,69.28,69.20,70.29,15493019.00
23/07/2015,69.64,70.19,69.46,70.61,14331837.00
24/07/2015,68.91,69.44,68.68,69.56,12413896.00
27/07/2015,68.01,68.15,67.57,68.22,16801563.00
28/07/2015,68.05,68.55,67.77,68.60,14932360.00
29/07/2015,68.94,68.32,68.16,69.10,13059190.00
30/07/2015,69.04,68.93,68.54,69.45,10197182.00
31/07/2015,68.53,69.01,68.40,69.04,11911818.00
03/08/2015,68.53,68.59,68.00,68.84,9980587.00
04/08/2015,68.46,68.47,68.31,68.95,10963966.00
05/08/2015,68.73,69.05,68.56,69.42,11302860.00
06/08/2015,68.25,68.75,68.00,68.94,10803363.00
07/08/2015,68.05,68.33,67.55,68.74,11453310.00
10/08/2015,68.89,68.22,68.22,69.01,12661440.00
11/08/2015,68.23,68.23,67.85,68.40,14800333.00
12/08/2015,67.24,67.41,66.07,67.55,21150053.00
13/08/2015,67.55,67.25,66.97,67.80,11930623.00
14/08/2015,67.89,67.42,67.40,67.91,11248813.00
17/08/2015,68.07,67.62,67.40,68.24,10326540.00
18/08/2015,68.21,67.98,67.84,68.36,10617481.00
19/08/2015,67.60,67.93,67.37,68.31,15198203.00
20/08/2015,65.94,66.81,65.94,67.04,20972302.00
21/08/2015,63.60,65.09,63.57,65.44,28235460.00
24/08/2015,60.25,59.29,50.07,62.92,36339089.00
25/08/2015,59.91,63.10,59.73,63.32,31772532.00
26/08/2015,62.91,61.80,60.55,62.98,33576825.00
27/08/2015,64.48,63.98,63.14,64.73,29045691.00
28/08/2015,64.13,64.29,63.60,64.46,16687313.00
31/08/2015,64.10,63.61,63.47,64.35,14223416.00
01/09/2015,61.45,62.85,60.99,62.85,23637264.00
02/09/2015,62.57,62.62,61.54,62.91,17757899.00
03/09/2015,62.68,62.88,62.45,63.66,17065377.00
04/09/2015,61.50,61.80,60.75,61.92,20188951.00
08/09/2015,63.16,62.77,62.33,63.20,13385051.00
09/09/2015,62.18,63.94,62.00,64.34,13889457.00
10/09/2015,62.66,61.86,61.45,63.00,15751110.00
11/09/2015,62.56,62.38,61.99,62.66,12766683.00
14/09/2015,62.38,62.64,62.12,62.69,10202787.00
15/09/2015,63.58,62.76,62.51,63.89,14023503.00
16/09/2015,64.14,63.89,63.21,64.29,12235935.00
17/09/2015,62.65,64.14,62.39,64.64,21249199.00
18/09/2015,60.94,61.83,60.78,61.83,31008001.00
21/09/2015,61.45,61.52,61.08,61.91,13136377.00
22/09/2015,60.91,60.60,60.42,61.09,14811862.00
23/09/2015,60.64,60.80,60.32,61.15,11712247.00
24/09/2015,60.22,60.01,59.46,60.38,17293389.00
25/09/2015,61.47,61.27,60.87,61.86,18384297.00
28/09/2015,59.98,60.92,59.69,61.01,17452209.00
29/09/2015,59.84,59.98,58.73,60.13,19334947.00
30/09/2015,60.97,60.70,60.11,61.00,18743807.00
01/10/2015,61.42,61.12,60.54,61.87,16863215.00
02/10/2015,60.81,59.59,58.53,60.86,20435078.00
05/10/2015,62.02,61.24,61.22,62.24,13471119.00
06/10/2015,62.05,62.11,61.62,62.36,12134800.00
07/10/2015,62.13,62.55,61.76,63.03,12818858.00
08/10/2015,62.13,61.85,61.43,62.25,13964567.00
09/10/2015,61.93,62.39,61.58,62.55,12112022.00
12/10/2015,61.72,61.84,61.40,62.01,10857374.00
13/10/2015,61.55,61.39,61.31,62.16,15621860.00
14/10/2015,59.99,60.76,59.54,60.97,28989352.00
15/10/2015,61.89,60.47,60.10,61.96,18147873.00
16/10/2015,62.43,62.43,62.09,62.65,17456576.00
19/10/2015,62.22,62.00,61.91,62.77,14510389.00
20/10/2015,62.52,62.36,62.08,62.82,11545128.00
21/10/2015,62.06,62.88,62.05,62.96,12173278.00
22/10/2015,63.19,62.42,62.42,63.58,15295681.00
23/10/2015,63.87,63.63,63.50,64.19,16985219.00
26/10/2015,63.90,63.84,63.41,63.99,13880244.00
27/10/2015,63.64,63.53,63.31,63.86,8831862.00
28/10/2015,65.50,63.70,63.69,65.74,17962014.00
29/10/2015,65.21,65.26,64.88,65.83,12753676.00
30/10/2015,64.25,65.30,64.13,65.34,15731415.00
02/11/2015,65.54,64.45,64.39,65.75,15253302.00
03/11/2015,65.78,65.29,65.17,66.10,11519476.00
04/11/2015,65.85,66.01,65.63,66.15,11388422.00
05/11/2015,66.44,65.79,65.75,66.67,12715877.00
06/11/2015,68.46,68.37,68.10,69.03,23262747.00
09/11/2015,67.39,68.70,67.08,68.72,17143831.00
10/11/2015,67.68,67.19,66.93,67.85,13239736.00
11/11/2015,67.35,68.10,67.25,68.17,8513925.00
12/11/2015,66.00,66.86,65.95,66.90,13576850.00
13/11/2015,65.56,65.84,65.23,66.17,11836959.00
16/11/2015,66.51,65.46,65.17,66.58,11041106.00
17/11/2015,66.13,66.67,65.89,66.74,12354839.00
18/11/2015,67.45,66.48,66.37,67.55,12911408.00
19/11/2015,67.66,67.58,67.04,67.82,12839462.00
20/11/2015,67.54,67.99,67.38,68.11,11209616.00
23/11/2015,66.88,67.31,66.78,67.58,11338963.00
24/11/2015,66.78,66.17,66.04,67.14,10910042.00
25/11/2015,66.86,66.93,66.55,67.12,7772026.00
27/11/2015,67.17,67.00,66.64,67.33,4052853.00
30/11/2015,66.68,67.28,66.68,67.52,15147536.00
01/12/2015,67.61,67.34,66.99,67.83,12708809.00
02/12/2015,66.66,67.83,66.48,67.88,13440883.00
03/12/2015,65.80,66.83,65.58,67.03,14626881.00
04/12/2015,67.89,66.10,66.03,68.00,17786043.00
07/12/2015,67.00,67.66,66.40,67.75,11686033.00
08/12/2015,65.96,66.25,65.70,66.96,13084484.00
09/12/2015,65.46,65.61,65.04,66.59,16770188.00
10/12/2015,65.61,65.54,65.08,66.50,12838986.00
11/12/2015,64.07,64.80,63.51,65.16,17889293.00
14/12/2015,64.27,64.23,63.60,64.76,17638159.00
15/12/2015,66.10,65.07,65.07,66.65,18126588.00
16/12/2015,67.53,66.91,65.91,67.74,21720024.00
17/12/2015,66.28,67.90,66.09,68.00,18122090.00
18/12/2015,64.40,65.97,64.40,65.97,23819643.00
21/12/2015,65.54,65.02,64.83,65.56,18869297.00
22/12/2015,65.68,65.92,64.98,66.00,12149529.00
23/12/2015,66.73,66.12,66.05,66.85,12524453.00
24/12/2015,66.60,66.62,66.32,66.89,4468242.00
28/12/2015,66.38,66.29,65.71,66.45,6610609.00
29/12/2015,67.07,66.84,66.74,67.30,9820830.00
30/12/2015,66.59,67.04,66.45,67.05,7190650.00
31/12/2015,66.03,66.19,66.00,66.78,14654329.00
04/01/2016,63.62,63.95,63.01,64.06,25393155.00
05/01/2016,63.73,63.70,63.04,64.13,16566703.00
06/01/2016,62.81,62.72,62.34,63.13,22961532.00
07/01/2016,60.27,61.46,60.08,62.00,27630867.00
08/01/2016,58.92,61.13,58.85,61.27,22373287.00
11/01/2016,58.83,58.83,58.04,59.22,20925529.00
12/01/2016,58.96,59.45,58.10,59.56,22971612.00
13/01/2016,57.34,59.46,56.91,59.68,28808129.00
14/01/2016,58.20,58.16,57.29,59.38,31296332.00
15/01/2016,57.04,56.45,56.22,57.57,38131656.00
19/01/2016,57.01,57.73,56.51,57.97,22818919.00
20/01/2016,55.51,55.63,54.66,56.18,34646083.00
21/01/2016,55.25,55.74,55.06,56.52,31301088.00
22/01/2016,56.95,56.44,56.30,57.16,22732187.00
25/01/2016,55.66,56.48,55.60,56.85,21114360.00
26/01/2016,57.08,55.85,55.81,57.15,17535732.00
27/01/2016,57.04,57.08,56.56,58.27,20559961.00
28/01/2016,57.28,57.52,56.63,57.97,15497866.00
29/01/2016,59.50,57.83,57.51,59.54,26992199.00
01/02/2016,58.86,59.16,58.44,59.65,16807936.00
02/02/2016,57.03,57.88,56.75,57.98,22448151.00
03/02/2016,57.41,57.37,55.02,57.80,31543220.00
04/02/2016,58.40,57.06,57.06,58.52,21651256.00
05/02/2016,57.75,58.58,57.42,59.14,22001260.00
08/02/2016,56.54,56.69,55.54,56.92,28267601.00
09/02/2016,56.20,55.29,55.13,56.69,26300049.00
10/02/2016,55.52,56.57,55.47,57.41,22389590.00
11/02/2016,53.07,53.90,52.50,53.91,44334661.00
12/02/2016,57.49,55.65,55.17,57.57,37011352.00
16/02/2016,58.35,58.23,57.64,58.60,23730687.00
17/02/2016,58.77,58.85,58.39,59.25,21580108.00
18/02/2016,57.81,58.84,57.25,58.86,17037776.00
19/02/2016,57.82,57.50,57.08,58.17,15658190.00
22/02/2016,58.57,58.51,58.42,58.88,14882763.00
23/02/2016,56.12,57.90,55.96,58.09,31772544.00
24/02/2016,56.14,55.20,54.33,56.21,25560096.00
25/02/2016,57.01,56.13,56.04,57.03,14473275.00
26/02/2016,57.54,57.64,57.14,58.11,20947508.00
29/02/2016,56.30,57.41,56.29,57.61,19554051.00
01/03/2016,59.20,56.76,56.67,59.20,23958079.00
02/03/2016,59.76,59.20,58.96,59.90,20943122.00
03/03/2016,59.96,59.58,59.10,59.96,15790644.00
04/03/2016,60.05,60.10,59.53,60.55,18459014.00
07/03/2016,59.94,59.54,59.32,60.05,12832395.00
08/03/2016,58.78,59.21,58.68,59.50,14132879.00
09/03/2016,59.12,59.15,58.68,59.54,13238828.00
10/03/2016,58.61,59.59,57.81,59.67,21139207.00
11/03/2016,59.34,59.39,58.65,59.51,21054993.00
14/03/2016,59.12,59.15,58.60,59.31,13436139.00
15/03/2016,59.20,58.54,58.43,59.21,10910468.00
16/03/2016,58.92,58.98,58.47,59.75,17423930.00
17/03/2016,58.75,58.77,57.99,59.13,19405736.00
18/03/2016,60.48,60.05,59.66,60.97,29570210.00
21/03/2016,60.46,60.22,59.96,60.82,12684403.00
22/03/2016,60.24,59.99,59.62,60.58,12042664.00
23/03/2016,59.94,60.34,59.86,60.51,11658691.00
24/03/2016,59.48,59.30,58.87,59.51,12921194.00
28/03/2016,59.40,59.53,59.18,59.75,11159717.00
29/03/2016,59.03,59.33,58.53,59.33,15933428.00
30/03/2016,59.71,59.46,59.38,60.23,13307142.00
31/03/2016,59.22,59.45,59.11,59.93,14904715.00
01/04/2016,59.87,59.02,58.56,60.06,15417527.00
04/04/2016,59.20,59.44,58.96,59.57,12305028.00
05/04/2016,58.36,58.59,58.21,58.83,12886615.00
06/04/2016,58.81,58.18,57.95,58.88,12167852.00
07/04/2016,57.32,58.26,57.07,58.43,19226797.00
08/04/2016,57.74,57.71,57.69,58.58,13547667.00
11/04/2016,58.20,57.91,57.91,58.88,17627802.00
12/04/2016,59.28,58.34,58.20,59.39,17779234.00
13/04/2016,61.79,60.48,60.38,62.16,37516774.00
14/04/2016,62.59,61.69,61.61,62.91,24249920.00
15/04/2016,61.87,62.88,61.45,62.90,19290707.00
18/04/2016,62.27,61.64,61.53,62.58,13813072.00
19/04/2016,63.32,62.55,62.55,63.48,19255617.00
20/04/2016,64.24,63.48,63.15,64.31,14594439.00
21/04/2016,63.60,64.26,63.34,64.66,15395776.00
22/04/2016,63.97,63.64,63.64,64.38,12444665.00
25/04/2016,63.60,63.60,63.15,63.95,10687190.00
26/04/2016,63.93,63.81,63.33,64.07,12048042.00
27/04/2016,64.11,63.86,63.60,64.64,15284125.00
28/04/2016,63.60,63.64,63.35,64.42,12852527.00
29/04/2016,63.20,63.09,62.70,63.61,16376353.00
02/05/2016,63.79,63.69,63.14,64.00,10247330.00
03/05/2016,62.56,62.90,61.80,62.91,19120338.00
04/05/2016,61.57,61.75,61.27,62.26,17030241.00
05/05/2016,61.24,61.60,61.06,62.00,14033862.00
06/05/2016,61.60,60.70,60.59,61.68,11057877.00
09/05/2016,61.21,61.37,61.05,61.89,11197141.00
10/05/2016,62.04,61.55,61.35,62.26,11897151.00
11/05/2016,61.81,61.97,61.81,62.60,11254047.00
12/05/2016,61.77,62.27,61.37,62.56,11071679.00
13/05/2016,61.20,61.70,61.02,62.40,15122325.00
16/05/2016,61.66,61.21,61.00,61.99,10951344.00
17/05/2016,61.66,61.43,61.15,62.16,12180930.00
18/05/2016,64.04,61.70,61.69,64.17,24052314.00
19/05/2016,63.39,63.53,62.90,64.22,16076159.00
20/05/2016,63.51,63.86,63.37,64.19,11862030.00
23/05/2016,63.46,63.45,63.16,63.87,9347540.00
24/05/2016,64.54,63.94,63.81,64.77,13839390.00
25/05/2016,65.52,64.94,64.92,66.20,18936695.00
26/05/2016,65.03,65.57,64.91,65.58,9428352.00
27/05/2016,65.43,65.21,65.05,65.46,10116014.00
31/05/2016,65.27,65.73,64.96,65.82,15139407.00
01/06/2016,65.69,64.76,64.26,65.92,14031018.00
02/06/2016,65.81,65.52,65.16,65.81,10637550.00
03/06/2016,64.64,64.25,63.55,64.86,20261681.00
06/06/2016,65.28,64.64,64.60,65.76,13193497.00
07/06/2016,65.06,65.45,65.04,65.74,9924106.00
08/06/2016,65.25,64.93,64.92,65.48,9428013.00
09/06/2016,64.75,64.79,64.27,64.90,10817761.00
10/06/2016,63.84,63.93,63.58,64.07,16678358.00
13/06/2016,63.27,63.48,63.26,64.34,14382759.00
14/06/2016,62.08,62.68,61.68,63.47,19509322.00
15/06/2016,61.97,62.41,61.91,62.98,16982140.00
16/06/2016,62.22,61.45,60.90,62.30,16791228.00
17/06/2016,62.28,62.30,61.93,62.71,15751497.00
20/06/2016,62.37,63.45,62.34,63.85,12213239.00
21/06/2016,62.95,62.73,62.14,63.00,11611632.00
22/06/2016,62.71,62.95,62.68,63.71,12643492.00
23/06/2016,64.05,63.70,63.53,64.15,16583609.00
24/06/2016,59.60,60.48,59.34,61.70,44108712.00
27/06/2016,57.61,58.71,57.05,58.75,37925291.00
28/06/2016,59.52,59.19,58.26,59.55,29088741.00
29/06/2016,61.20,60.36,60.00,61.21,21483012.00
30/06/2016,62.14,61.63,61.02,62.19,21343616.00
01/07/2016,61.26,61.52,61.16,62.01,14217796.00
05/07/2016,59.55,60.45,59.10,60.60,23357694.00
06/07/2016,60.19,59.01,58.76,60.29,20429800.00
07/07/2016,60.58,60.52,60.16,61.14,13771417.00
08/07/2016,61.83,61.33,61.33,62.17,16998814.00
11/07/2016,62.27,62.42,62.14,62.95,13151438.00
12/07/2016,63.20,63.03,62.89,63.56,16588124.00
13/07/2016,63.16,63.08,62.64,63.43,18526932.00
14/07/2016,64.12,64.74,64.05,64.98,28985935.00
15/07/2016,64.18,64.75,63.61,64.80,17607090.00
18/07/2016,63.96,64.13,63.90,64.40,10824364.00
19/07/2016,63.86,63.61,63.46,64.10,9737390.00
20/07/2016,63.93,64.11,63.71,64.23,10411068.00
21/07/2016,63.69,64.00,63.63,64.18,9952750.00
22/07/2016,64.04,63.90,63.60,64.09,8195688.00
25/07/2016,63.87,63.98,63.68,64.17,8168252.00
26/07/2016,64.13,63.98,63.71,64.26,8067766.00
27/07/2016,64.33,64.08,64.06,64.69,11806756.00
28/07/2016,64.10,64.00,63.72,64.19,10013424.00
29/07/2016,63.97,63.80,63.75,64.29,13210412.00
01/08/2016,63.80,64.15,63.61,64.31,11422601.00
02/08/2016,63.65,63.59,63.38,64.01,13550022.00
03/08/2016,64.66,63.69,63.65,64.67,13122345.00
04/08/2016,64.56,64.49,64.27,64.82,9873007.00
05/08/2016,66.30,65.14,65.07,66.37,20752730.00
08/08/2016,66.10,66.07,65.84,66.49,11359174.00
09/08/2016,65.87,66.18,65.69,66.28,10096971.00
10/08/2016,65.28,65.92,65.16,66.07,11556086.00
11/08/2016,65.46,65.27,65.02,65.69,9604549.00
12/08/2016,65.32,64.97,64.86,65.35,7685383.00
15/08/2016,65.72,65.56,65.46,65.83,8371557.00
16/08/2016,65.71,65.36,65.24,65.96,10128856.00
17/08/2016,65.89,65.80,65.54,65.98,11868065.00
18/08/2016,65.95,65.62,65.53,65.99,9313621.00
19/08/2016,65.86,65.72,65.22,65.91,9084877.00
22/08/2016,65.80,65.75,65.41,65.88,9055631.00
23/08/2016,65.77,66.07,65.76,66.34,8949607.00
24/08/2016,65.95,65.99,65.77,66.23,10167204.00
25/08/2016,66.07,65.91,65.79,66.14,9978651.00
26/08/2016,66.22,66.33,65.85,66.88,14038597.00
29/08/2016,66.95,66.49,66.46,67.10,14583145.00
30/08/2016,67.50,66.96,66.95,67.60,13791151.00
31/08/2016,67.50,67.46,66.86,67.77,14952329.00
01/09/2016,67.21,67.64,66.65,67.72,12226517.00
02/09/2016,67.49,67.40,66.98,67.58,13720662.00
06/09/2016,67.44,67.50,66.71,67.55,16649371.00
07/09/2016,67.16,67.16,66.96,67.59,10070407.00
08/09/2016,67.25,67.22,67.00,67.68,12252961.00
09/09/2016,66.65,67.03,66.64,67.43,19686877.00
12/09/2016,67.06,66.14,65.76,67.30,16452983.00
13/09/2016,66.53,66.11,65.82,66.86,18876069.00
14/09/2016,66.40,66.27,66.21,67.25,12648595.00
15/09/2016,66.64,66.29,66.09,66.93,12639749.00
16/09/2016,65.82,66.09,65.44,66.26,25161488.00
19/09/2016,66.19,66.15,65.85,66.64,13466874.00
20/09/2016,66.46,66.75,66.24,66.85,10092157.00
21/09/2016,66.84,66.84,66.31,67.13,14116774.00
22/09/2016,67.39,66.99,66.84,67.42,12781744.00
23/09/2016,67.25,67.39,67.18,67.90,13967357.00
26/09/2016,65.78,66.60,65.54,66.80,16408130.00
27/09/2016,66.36,65.41,65.11,66.41,13711386.00
28/09/2016,66.71,66.58,65.99,66.77,11278036.00
29/09/2016,65.65,66.70,65.35,67.21,18727192.00
30/09/2016,66.59,66.08,66.08,67.06,21680093.00
03/10/2016,66.51,66.35,66.26,66.92,14901651.00
04/10/2016,66.60,66.21,66.10,67.18,17226890.00
05/10/2016,67.69,66.89,66.80,68.07,16279971.00
06/10/2016,67.87,67.73,67.05,67.97,17484978.00
07/10/2016,68.11,67.79,67.40,68.18,18497019.00
10/10/2016,68.64,68.34,68.23,69.06,13027466.00
11/10/2016,68.31,68.50,67.93,68.82,15657104.00
12/10/2016,68.13,68.26,68.05,68.59,11899831.00
13/10/2016,67.74,67.46,66.82,67.87,17890046.00
14/10/2016,67.52,68.80,67.30,69.03,24163776.00
17/10/2016,67.17,67.42,66.74,67.79,14963411.00
18/10/2016,67.70,67.85,67.54,68.21,11870286.00
19/10/2016,68.35,67.81,67.81,68.50,12705774.00
20/10/2016,68.26,68.08,67.94,68.68,14122005.00
21/10/2016,68.49,67.81,67.70,68.53,12175674.00
24/10/2016,68.87,68.97,68.50,69.05,10197123.00
25/10/2016,68.80,68.88,68.38,68.93,9945050.00
26/10/2016,69.13,68.37,68.37,69.25,9801266.00
27/10/2016,69.23,69.49,69.10,69.77,14210699.00
28/10/2016,69.11,69.53,68.47,69.55,12766498.00
31/10/2016,69.26,69.43,69.23,69.58,14336299.00
01/11/2016,68.97,69.48,68.33,69.78,15564491.00
02/11/2016,68.68,68.65,68.01,68.85,12449788.00
03/11/2016,68.38,68.86,68.22,69.19,10369670.00
04/11/2016,67.76,68.49,67.64,68.56,13571306.00
07/11/2016,69.88,69.08,69.00,69.97,16515137.00
08/11/2016,70.03,69.70,69.24,70.55,17531748.00
09/11/2016,73.25,71.46,71.32,74.15,50948378.00
10/11/2016,76.65,74.22,74.22,77.25,56192320.00
11/11/2016,76.69,76.30,75.77,76.73,27574323.00
14/11/2016,79.51,77.25,77.25,80.44,46130653.00
15/11/2016,79.36,78.37,77.78,79.41,28126307.00
16/11/2016,77.40,78.22,76.88,78.35,26054926.00
17/11/2016,78.02,77.93,77.60,78.46,19306721.00
18/11/2016,77.71,77.96,77.55,78.42,19769965.00
21/11/2016,78.05,78.00,77.29,78.17,11983529.00
22/11/2016,78.53,78.34,77.76,78.56,14410100.00
23/11/2016,78.86,78.87,77.89,79.24,13401387.00
25/11/2016,78.83,79.10,78.47,79.45,6185719.00
28/11/2016,78.32,78.18,78.02,78.87,13007242.00
29/11/2016,78.92,78.39,78.39,79.16,14144062.00
30/11/2016,80.17,79.92,79.70,80.53,25351899.00
01/12/2016,81.79,80.65,80.65,82.28,23823632.00
02/12/2016,81.60,81.80,80.90,81.83,16931504.00
05/12/2016,83.26,82.30,82.29,83.29,18529840.00
06/12/2016,83.69,83.60,82.43,83.81,16130043.00
07/12/2016,84.07,83.55,82.85,84.09,18996905.00
08/12/2016,85.12,84.23,83.94,85.50,20844853.00
09/12/2016,85.49,85.02,84.14,85.50,14567202.00
12/12/2016,84.73,85.36,84.29,85.79,14511332.00
13/12/2016,84.76,84.98,83.82,85.67,16669046.00
14/12/2016,84.73,83.88,83.76,86.12,22622633.00
15/12/2016,86.00,85.40,84.90,86.49,19438924.00
16/12/2016,84.94,86.29,84.89,86.29,23008520.00
19/12/2016,85.43,84.80,84.19,85.44,21685098.00
20/12/2016,86.53,85.79,85.55,86.54,14587310.00
21/12/2016,86.75,86.43,86.03,86.81,11400484.00
22/12/2016,86.89,86.44,86.21,87.17,13924219.00
23/12/2016,87.05,87.00,86.40,87.15,10759433.00
27/12/2016,87.13,87.05,86.75,87.16,6946360.00
28/12/2016,86.50,87.16,86.35,87.39,9455586.00
29/12/2016,85.89,86.58,85.04,86.67,14689042.00
30/12/2016,86.29,86.10,85.66,86.42,13617776.00
03/01/2017,87.23,87.34,85.98,87.76,20550714.00
04/01/2017,86.91,86.96,86.40,87.18,15266596.00
05/01/2017,86.11,86.81,85.26,87.11,14300816.00
06/01/2017,86.12,86.39,85.94,86.62,12893298.00
09/01/2017,86.18,85.73,85.52,86.77,12806609.00
10/01/2017,86.43,86.07,85.72,86.90,13989033.00
11/01/2017,87.08,86.43,85.91,87.08,14713067.00
12/01/2017,86.24,86.76,86.02,87.27,21337435.00
13/01/2017,86.70,87.11,86.10,88.17,28295985.00
17/01/2017,83.55,84.93,83.28,85.22,30024625.00
18/01/2017,83.94,83.63,83.03,84.23,21270134.00
19/01/2017,83.30,84.06,83.12,84.67,16555554.00
20/01/2017,83.67,83.43,83.29,83.83,18436790.00
23/01/2017,83.71,83.30,83.21,84.00,12179161.00
24/01/2017,84.72,83.92,83.56,85.00,15175319.00
25/01/2017,86.03,85.84,85.17,86.17,17550952.00
26/01/2017,86.75,85.95,85.95,86.95,15962835.00
27/01/2017,86.93,86.66,86.27,86.98,12535420.00
30/01/2017,86.03,86.19,85.32,86.50,13661859.00
31/01/2017,84.63,85.60,84.09,86.15,15655126.00
01/02/2017,84.95,85.54,84.68,86.10,15430940.00
02/02/2017,84.59,84.34,84.16,84.91,11081359.00
03/02/2017,87.18,86.19,85.87,87.31,17885244.00
06/02/2017,86.77,86.79,86.61,87.45,11828416.00
07/02/2017,86.72,87.14,86.48,87.40,9392832.00
08/02/2017,85.96,86.18,85.37,86.31,13970870.00
09/02/2017,87.20,86.42,86.13,87.33,13749123.00
10/02/2017,87.00,87.48,86.89,87.48,10992466.00
13/02/2017,88.15,87.44,87.43,88.74,18739103.00
14/02/2017,89.56,88.30,88.11,89.70,17932086.00
15/02/2017,90.59,90.08,89.35,90.87,17381807.00
16/02/2017,90.53,90.40,89.77,91.04,17672724.00
17/02/2017,90.23,89.82,89.69,90.47,15776589.00
21/02/2017,91.01,90.51,90.46,91.15,14068315.00
22/02/2017,91.06,90.52,90.42,91.30,11838980.00
23/02/2017,91.13,91.18,90.52,91.34,11066952.00
24/02/2017,90.33,90.18,89.73,90.54,15062298.00
27/02/2017,90.43,90.32,90.02,90.73,12360988.00
28/02/2017,90.62,89.85,89.59,90.82,15183542.00
01/03/2017,93.60,92.79,92.61,93.98,24451380.00
02/03/2017,92.14,93.87,92.03,93.92,16862487.00
03/03/2017,92.80,92.23,92.19,93.11,12861607.00
06/03/2017,91.92,92.25,91.10,92.32,15059178.00
07/03/2017,91.41,91.64,91.21,92.09,11156845.00
08/03/2017,91.21,92.68,91.10,92.85,17378401.00
09/03/2017,91.57,91.60,91.15,92.14,13726237.00
10/03/2017,91.28,91.95,90.53,92.00,13729948.00
13/03/2017,91.36,91.31,90.93,91.78,10004297.00
14/03/2017,91.51,91.02,90.77,91.65,10237702.00
15/03/2017,91.73,91.80,91.13,92.55,16601394.00
16/03/2017,91.64,92.03,91.57,92.81,14492039.00
17/03/2017,90.68,91.83,90.65,92.04,21734743.00
20/03/2017,90.03,90.27,89.79,91.17,14623597.00
21/03/2017,87.39,90.36,87.06,90.64,33089241.00
22/03/2017,87.53,86.89,86.01,88.07,21741025.00
23/03/2017,87.39,87.21,87.09,88.50,16090092.00
24/03/2017,87.29,87.79,86.77,88.09,16093237.00
27/03/2017,87.24,85.53,85.23,87.40,16689294.00
28/03/2017,88.60,87.02,86.98,89.02,16264403.00
29/03/2017,88.27,88.60,88.08,88.82,10207578.00
30/03/2017,89.03,88.20,88.12,89.46,11630996.00
31/03/2017,87.84,88.71,87.75,88.74,16987605.00
03/04/2017,87.52,87.99,86.60,88.17,19831778.00
04/04/2017,87.31,86.89,86.72,87.67,14280832.00
05/04/2017,86.19,88.42,86.13,88.54,17635486.00
06/04/2017,86.48,85.98,85.25,86.91,14379588.00
07/04/2017,86.18,85.93,85.71,86.81,13097108.00
10/04/2017,85.88,86.08,85.40,86.69,15081616.00
11/04/2017,85.73,85.54,84.80,85.79,14690492.00
12/04/2017,85.40,85.93,85.03,85.95,14730636.00
13/04/2017,84.40,85.50,84.40,86.99,30529763.00
17/04/2017,85.86,84.44,84.37,86.08,19071650.00
18/04/2017,85.16,85.36,84.74,85.63,14127049.00
19/04/2017,84.46,85.50,84.36,85.92,17588506.00
20/04/2017,85.55,84.98,84.55,85.78,15635808.00
21/04/2017,84.52,85.50,84.51,85.68,19820592.00
24/04/2017,87.50,86.55,86.42,88.05,25468285.00
25/04/2017,88.26,88.55,88.26,89.13,18253752.00
26/04/2017,88.43,88.35,88.14,89.05,12832154.00
27/04/2017,87.61,88.37,87.01,88.37,13329025.00
28/04/2017,87.00,87.60,86.95,87.85,10755629.00
01/05/2017,87.06,87.36,86.56,87.74,15712266.00
02/05/2017,86.50,86.71,86.02,86.88,14414164.00
03/05/2017,87.00,86.06,86.02,87.10,11540536.00
04/05/2017,87.10,87.69,86.57,87.73,11540103.00
05/05/2017,87.00,87.25,86.42,87.34,9436036.00
08/05/2017,87.10,87.04,86.65,87.32,8162209.00
09/05/2017,86.75,87.26,86.50,87.84,10273937.00
10/05/2017,87.43,86.53,86.47,87.48,8334867.00
11/05/2017,87.16,87.09,86.35,87.48,10907382.00
12/05/2017,86.92,86.68,86.34,87.05,8738802.00
15/05/2017,87.34,87.10,86.86,87.49,8835631.00
16/05/2017,87.61,87.36,87.34,88.09,9794968.00
17/05/2017,84.27,86.11,83.97,86.39,24679728.00
18/05/2017,83.96,84.07,83.36,84.80,23350068.00
19/05/2017,84.78,84.21,84.15,85.34,13412878.00
22/05/2017,84.70,85.18,84.21,85.29,11635998.00
23/05/2017,85.76,84.75,84.51,86.07,11753016.00
24/05/2017,85.71,85.88,85.24,85.97,9923251.00
25/05/2017,85.35,85.99,85.08,86.08,12238543.00
26/05/2017,85.36,85.11,85.02,85.56,8113464.00
30/05/2017,83.90,85.13,83.78,85.15,12603176.00
31/05/2017,82.15,83.73,81.64,83.82,28327925.00
01/06/2017,83.06,82.46,81.65,83.08,17123490.00
02/06/2017,82.64,82.29,81.98,82.99,14998489.00
05/06/2017,82.79,82.64,82.58,83.51,9080165.00
06/06/2017,82.96,82.29,82.13,83.22,12196816.00
07/06/2017,83.91,83.31,83.10,84.11,13711071.00
08/06/2017,84.95,83.91,83.89,85.73,17950964.00
09/06/2017,86.96,85.51,85.39,87.05,19120172.00
12/06/2017,86.98,87.32,86.29,87.74,16053405.00
13/06/2017,87.27,87.55,86.98,87.85,12557225.00
14/06/2017,87.09,86.77,85.82,87.31,16175654.00
15/06/2017,86.57,86.25,86.24,87.08,12509682.00
16/06/2017,86.18,86.85,86.02,86.96,16936572.00
19/06/2017,88.07,86.97,86.85,88.23,15972336.00
20/06/2017,87.52,87.75,87.37,87.92,11197809.00
21/06/2017,87.12,87.48,86.76,87.55,10005941.00
22/06/2017,87.02,86.93,86.65,87.36,12180579.00
23/06/2017,86.86,87.66,86.61,88.00,18812029.00
26/06/2017,87.24,87.01,86.62,87.67,10082422.00
27/06/2017,88.05,87.71,87.50,88.94,15415152.00
28/06/2017,89.82,88.60,88.60,90.07,17466177.00
29/06/2017,91.15,92.34,90.31,92.65,27697818.00
30/06/2017,91.40,91.96,91.16,92.00,16892700.00
03/07/2017,92.75,91.56,91.41,93.48,13208087.00
05/07/2017,93.68,93.12,92.61,93.79,17535404.00
06/07/2017,93.38,93.54,92.88,94.51,16596123.00
07/07/2017,93.85,93.96,93.23,94.17,12817808.00
10/07/2017,93.19,93.50,93.09,93.68,13987191.00
11/07/2017,92.83,93.33,92.28,93.33,13262282.00
12/07/2017,92.51,92.61,92.07,92.83,13540107.00
13/07/2017,93.10,92.69,92.34,93.38,12820084.00
14/07/2017,92.25,90.81,90.58,92.61,22235168.00
17/07/2017,91.39,91.82,91.25,91.99,14374219.00
18/07/2017,91.07,90.45,90.32,91.58,14719404.00
19/07/2017,91.20,91.34,91.00,91.62,11651245.00
20/07/2017,91.20,91.15,90.90,91.72,11561740.00
21/07/2017,90.89,91.06,90.52,91.36,10971292.00
24/07/2017,91.28,90.96,90.91,91.54,10725116.00
25/07/2017,92.80,92.37,92.27,93.52,16447678.00
26/07/2017,91.93,93.10,91.68,93.19,11815499.00
27/07/2017,91.55,91.83,91.16,92.06,12332375.00
28/07/2017,91.28,91.45,90.91,91.75,9351915.00
31/07/2017,91.80,91.51,91.50,92.36,11520329.00
01/08/2017,93.03,92.49,92.28,93.14,12523725.00
02/08/2017,93.11,92.87,92.51,93.21,10165604.00
03/08/2017,92.50,92.70,92.24,93.13,11078804.00
04/08/2017,93.66,93.50,93.47,94.40,14323999.00
07/08/2017,94.02,93.89,93.71,94.19,7978339.00
08/08/2017,93.68,93.95,93.60,95.22,13745401.00
09/08/2017,93.53,92.98,92.83,93.68,11214440.00
10/08/2017,92.19,92.90,92.07,93.07,13252269.00
11/08/2017,91.42,92.13,91.24,92.67,10679534.00
14/08/2017,92.49,92.37,92.33,92.90,10994793.00
15/08/2017,92.73,93.31,92.65,93.56,8812720.00
16/08/2017,92.09,93.04,91.88,93.23,11085401.00
17/08/2017,90.65,91.76,90.50,91.96,13837463.00
18/08/2017,90.74,90.31,90.19,91.54,13040738.00
21/08/2017,90.63,90.85,90.16,90.94,11502065.00
22/08/2017,91.56,91.07,91.00,91.71,9211781.00
23/08/2017,91.67,90.87,90.84,92.34,8811292.00
24/08/2017,91.52,91.93,91.41,92.12,8623165.00
25/08/2017,91.89,91.88,91.80,92.48,11794644.00
28/08/2017,91.60,92.16,91.13,92.19,7292915.00
29/08/2017,91.10,90.45,90.31,91.31,10886082.00
30/08/2017,91.31,91.25,91.19,91.88,9165342.00
31/08/2017,90.89,91.81,90.80,91.85,13217404.00
01/09/2017,91.70,91.25,90.95,92.36,9815834.00
05/09/2017,89.51,91.02,89.02,91.11,17031549.00
06/09/2017,90.11,90.00,89.64,90.52,11845663.00
07/09/2017,88.53,90.11,88.08,90.13,14592255.00
08/09/2017,88.42,88.31,88.24,89.42,14242198.00
11/09/2017,89.79,89.39,88.95,90.25,13219047.00
12/09/2017,90.89,90.17,90.10,91.25,14003776.00
13/09/2017,91.15,90.61,90.32,91.50,12485428.00
14/09/2017,90.97,91.20,90.74,91.53,10562826.00
15/09/2017,91.62,91.08,90.76,91.71,18171794.00
18/09/2017,92.92,91.93,91.85,93.14,11318699.00
19/09/2017,93.94,92.71,92.52,94.36,12626131.00
20/09/2017,94.60,94.10,93.71,95.29,15311581.00
21/09/2017,95.03,94.46,94.19,95.37,10851489.00
22/09/2017,94.83,94.70,94.43,94.98,8358310.00
25/09/2017,94.12,94.51,93.45,94.88,10463432.00
26/09/2017,93.70,93.78,93.34,94.03,9358111.00
27/09/2017,95.18,94.97,94.58,95.72,15090226.00
28/09/2017,95.38,95.59,94.91,95.88,10270398.00
29/09/2017,95.51,95.30,95.02,95.52,11438412.00
02/10/2017,96.84,95.77,95.46,96.88,13797213.00
03/10/2017,97.35,96.83,96.77,97.43,9633452.00
04/10/2017,96.36,97.30,96.28,97.44,12166633.00
05/10/2017,97.09,96.00,95.55,97.40,14236219.00
06/10/2017,96.92,97.55,96.47,97.64,10231853.00
09/10/2017,96.41,96.96,96.14,97.07,7765100.00
10/10/2017,97.13,96.46,96.24,97.18,10631527.00
11/10/2017,96.84,96.83,96.14,97.01,14283617.00
12/10/2017,95.99,97.30,95.62,97.50,18251616.00
13/10/2017,95.86,95.48,94.96,96.71,13190576.00
16/10/2017,97.84,96.34,96.34,97.95,12434009.00
17/10/2017,97.62,98.07,97.32,98.18,10335687.00
18/10/2017,97.99,98.15,97.63,98.55,10158626.00
19/10/2017,98.11,97.19,97.09,98.20,9133863.00
20/10/2017,99.51,99.28,98.73,99.89,15326608.00
23/10/2017,99.34,99.51,99.24,99.99,9238624.00
24/10/2017,100.92,99.88,99.76,101.19,13000801.00
25/10/2017,101.02,101.25,100.19,101.45,14632741.00
26/10/2017,101.74,101.35,101.32,102.42,13054361.00
27/10/2017,101.77,101.43,101.05,102.23,10400446.00
30/10/2017,101.41,101.13,100.87,101.93,8839456.00
31/10/2017,100.61,101.37,100.57,101.70,8690197.00
01/11/2017,100.92,101.10,100.73,101.70,8418239.00
02/11/2017,101.59,100.87,100.16,101.77,8731788.00
03/11/2017,101.41,101.10,100.73,101.53,7103513.00
06/11/2017,100.78,101.34,100.66,101.69,8121544.00
07/11/2017,98.75,100.56,98.25,100.75,18822583.00
08/11/2017,97.64,98.27,97.15,98.37,18524671.00
09/11/2017,97.63,97.12,96.81,98.22,13697785.00
10/11/2017,97.51,97.81,97.50,98.34,9314009.00
13/11/2017,97.86,96.69,96.62,98.05,9303072.00
14/11/2017,97.27,97.34,96.85,97.78,11043772.00
15/11/2017,98.19,96.39,95.95,98.74,15384080.00
16/11/2017,98.47,98.53,98.31,99.06,9808033.00
17/11/2017,98.14,97.82,97.57,98.41,9017866.00
20/11/2017,99.01,98.45,97.76,99.15,9483200.00
21/11/2017,98.93,99.50,98.91,99.55,13389407.00
22/11/2017,98.64,99.03,98.59,99.52,7342248.00
24/11/2017,98.32,98.83,98.26,98.90,3680043.00
27/11/2017,97.93,98.31,97.93,99.13,13076207.00
28/11/2017,101.36,98.21,97.97,101.70,16772956.00
29/11/2017,103.73,102.41,101.96,104.22,21105546.00
30/11/2017,104.52,104.74,104.04,106.66,23945890.00
01/12/2017,104.79,104.90,102.20,105.32,19683510.00
04/12/2017,106.95,107.73,106.77,108.40,23576608.00
05/12/2017,105.72,107.17,104.12,107.41,17193948.00
06/12/2017,104.93,105.41,104.53,105.76,15476226.00
07/12/2017,104.62,103.95,103.73,105.19,13371781.00
08/12/2017,105.93,105.08,104.34,105.94,13506869.00
11/12/2017,105.62,105.72,105.31,106.06,10591228.00
12/12/2017,106.85,105.92,105.54,107.37,15508840.00
13/12/2017,105.51,106.70,105.48,107.11,15020293.00
14/12/2017,104.66,106.12,104.64,106.45,13034232.00
15/12/2017,106.14,105.79,105.20,106.52,29350598.00
18/12/2017,106.96,107.19,106.48,107.63,12713148.00
19/12/2017,106.51,107.35,106.44,107.49,12149937.00
20/12/2017,106.14,107.60,106.09,107.73,13091473.00
21/12/2017,107.83,106.59,106.56,108.07,12323670.00
22/12/2017,107.45,108.20,106.81,108.46,14573385.00
26/12/2017,107.02,107.20,106.40,107.99,7403739.00
27/12/2017,107.22,106.67,106.67,107.29,9496548.00
28/12/2017,107.79,107.40,107.16,107.84,7440555.00
29/12/2017,106.94,108.09,106.94,108.28,8925701.00
02/01/2018,107.95,107.63,106.81,108.02,13578835.00
03/01/2018,108.06,107.86,107.48,108.49,11901037.00
04/01/2018,109.04,108.36,108.20,110.03,12953656.00
05/01/2018,108.34,109.26,107.78,109.55,14154974.00
08/01/2018,108.50,108.15,107.70,108.68,12466512.00
09/01/2018,109.05,108.72,108.49,109.63,13292310.00
10/01/2018,110.25,109.47,109.39,110.70,15834468.00
11/01/2018,110.84,110.67,110.05,110.93,13676788.00
12/01/2018,112.67,111.65,110.84,112.85,18884229.00
16/01/2018,112.27,111.51,111.07,113.43,22703336.00
17/01/2018,112.99,111.89,111.31,113.30,14940266.00
18/01/2018,113.26,112.76,112.27,113.72,14572911.00
19/01/2018,113.01,113.94,112.80,114.34,18785468.00
22/01/2018,114.33,112.66,112.50,114.39,12475654.00
23/01/2018,114.21,113.67,113.35,114.64,12320751.00
24/01/2018,115.67,114.86,114.66,116.00,15904504.00
25/01/2018,115.70,116.04,115.08,116.17,13509957.00
26/01/2018,116.32,115.70,114.96,116.32,13883875.00
29/01/2018,116.20,116.02,116.02,117.35,11679919.00
30/01/2018,115.11,115.53,114.98,116.60,14279124.00
31/01/2018,115.67,115.65,115.16,116.66,13141423.00
01/02/2018,116.87,115.77,115.48,116.99,13800613.00
02/02/2018,114.28,116.49,114.09,116.92,16477307.00
05/02/2018,108.80,113.00,103.98,114.59,30097591.00
06/02/2018,112.11,106.85,106.61,112.48,33114833.00
07/02/2018,112.87,111.55,111.15,114.45,21878324.00
08/02/2018,107.88,113.11,107.84,113.11,27425837.00
09/02/2018,110.04,109.10,106.23,111.05,28188027.00
12/02/2018,111.74,111.17,110.07,112.73,18043325.00
13/02/2018,112.43,111.32,110.80,113.05,16358181.00
14/02/2018,115.03,112.63,112.53,115.27,15186858.00
15/02/2018,115.51,115.74,114.22,115.99,12130197.00
16/02/2018,114.68,114.55,114.50,116.07,13214253.00
20/02/2018,114.71,114.65,113.97,115.39,13461495.00
21/02/2018,115.19,115.00,114.67,117.45,14212461.00
22/02/2018,114.98,115.50,114.76,116.43,17070356.00
23/02/2018,117.31,115.31,115.31,117.39,12162523.00
26/02/2018,118.77,118.14,117.32,118.90,16511229.00
27/02/2018,117.36,118.91,117.35,119.33,17563345.00
28/02/2018,115.50,117.82,115.34,118.49,17735637.00
01/03/2018,113.43,115.48,112.65,116.64,18690017.00
02/03/2018,113.32,112.39,111.12,113.56,18353697.00
05/03/2018,115.06,112.05,111.89,115.93,13933039.00
06/03/2018,115.16,115.64,114.32,115.82,10674360.00
07/03/2018,114.73,113.75,113.11,115.10,13006514.00
08/03/2018,114.74,115.11,113.21,115.23,11173721.00
09/03/2018,118.04,116.55,115.67,118.08,15366583.00
12/03/2018,117.66,118.00,117.25,118.75,12339295.00
13/03/2018,116.25,118.20,115.83,118.47,13312340.00
14/03/2018,114.95,116.56,114.60,116.59,12905124.00
15/03/2018,115.24,115.87,114.83,116.00,8747977.00
16/03/2018,115.44,115.34,115.34,116.60,19888948.00
19/03/2018,114.53,115.10,113.30,115.45,13214919.00
20/03/2018,114.64,114.87,114.45,115.45,9921175.00
21/03/2018,114.74,114.81,114.21,116.63,13632983.00
22/03/2018,109.95,113.20,109.54,113.60,22550426.00
23/03/2018,107.01,110.27,106.76,110.92,23081509.00
26/03/2018,110.31,109.19,108.65,111.16,20217469.00
27/03/2018,108.17,111.07,107.30,111.69,18039921.00
28/03/2018,108.00,108.28,106.65,109.17,19189269.00
29/03/2018,109.97,108.50,107.78,110.78,13274639.00
02/04/2018,107.85,109.96,106.08,110.73,18822525.00
03/04/2018,109.33,108.36,107.26,109.50,14050737.00
04/04/2018,110.99,107.10,107.02,111.21,15302608.00
05/04/2018,111.88,111.63,111.39,112.83,16627035.00
06/04/2018,109.09,110.55,107.82,111.55,18906018.00
09/04/2018,110.40,110.01,109.89,112.98,15974349.00
10/04/2018,112.51,112.13,111.42,112.87,14003640.00
11/04/2018,110.62,111.66,110.52,111.81,14503294.00
12/04/2018,113.37,111.56,111.50,114.39,16435523.00
13/04/2018,110.30,115.02,109.05,115.15,39152760.00
16/04/2018,110.21,110.94,109.79,111.47,16580538.00
17/04/2018,110.21,111.37,109.99,111.92,15501350.00
18/04/2018,109.32,110.53,108.89,111.07,16081436.00
19/04/2018,111.72,109.53,109.50,111.87,17910955.00
20/04/2018,111.47,112.30,110.88,112.74,15584384.00
23/04/2018,110.93,111.57,110.63,111.95,11285831.00
24/04/2018,110.41,111.75,109.59,112.90,16453112.00
25/04/2018,109.99,110.27,108.60,110.53,13548246.00
26/04/2018,110.10,109.97,109.34,110.82,10299488.00
27/04/2018,109.40,109.55,109.13,110.16,9383967.00
30/04/2018,108.78,109.75,108.75,110.30,13744860.00
01/05/2018,108.78,108.45,107.54,108.97,10503353.00
02/05/2018,107.92,108.11,107.73,109.49,12162086.00
03/05/2018,107.24,107.59,105.18,107.77,15379091.00
04/05/2018,108.43,106.43,105.98,108.74,11967906.00
07/05/2018,109.37,108.76,108.36,109.68,9356721.00
08/05/2018,110.99,109.53,109.28,111.34,12543228.00
09/05/2018,113.41,111.44,111.03,113.64,11368094.00
10/05/2018,114.29,113.19,112.75,114.44,9159709.00
11/05/2018,113.86,114.49,113.67,114.73,10253045.00
14/05/2018,113.90,114.11,113.74,114.70,8710654.00
15/05/2018,113.03,113.91,112.57,113.91,11536212.00
16/05/2018,113.34,112.89,112.63,113.69,7571089.00
17/05/2018,112.96,113.20,112.20,113.41,8617204.00
18/05/2018,111.13,112.75,110.84,112.80,11806349.00
21/05/2018,112.15,112.05,111.92,112.54,9441931.00
22/05/2018,113.01,112.35,112.29,114.29,11507550.00
23/05/2018,112.49,112.51,111.12,112.77,11453916.00
24/05/2018,111.23,112.14,110.12,112.15,14084769.00
25/05/2018,110.66,110.46,110.20,111.08,8283548.00
29/05/2018,105.93,109.18,104.96,109.20,30643840.00
30/05/2018,108.35,107.64,106.65,108.60,17490845.00
31/05/2018,107.01,107.95,106.42,108.19,19808203.00
01/06/2018,108.40,108.34,107.80,108.94,13594185.00
04/06/2018,108.45,108.99,108.27,109.26,9415437.00
05/06/2018,107.84,108.24,107.07,108.31,10415231.00
06/06/2018,110.36,108.66,108.48,110.74,15453563.00
07/06/2018,110.80,111.18,110.03,111.50,13444427.00
08/06/2018,111.11,110.62,110.06,111.14,10383168.00
11/06/2018,110.83,111.12,110.77,111.91,12642897.00
12/06/2018,110.19,111.14,109.52,111.53,15294082.00
13/06/2018,109.97,110.46,109.58,111.45,14979749.00
14/06/2018,108.03,110.28,107.78,110.36,20487343.00
15/06/2018,107.90,107.80,106.27,108.38,26028572.00
18/06/2018,108.18,107.26,106.69,108.40,9786825.00
19/06/2018,107.55,106.90,106.60,107.88,12707154.00
20/06/2018,107.54,108.18,107.44,108.64,8876903.00
21/06/2018,107.51,107.10,106.53,108.21,11048735.00
22/06/2018,105.75,108.16,105.51,108.37,19938788.00
25/06/2018,104.79,105.66,103.96,105.70,16907607.00
26/06/2018,104.86,104.71,103.11,105.21,17086772.00
27/06/2018,103.24,104.68,103.23,105.92,16276833.00
28/06/2018,104.93,103.68,103.51,105.46,14491252.00
29/06/2018,104.20,106.68,104.15,106.90,18972393.00
02/07/2018,105.08,103.72,103.38,105.09,11130044.00
03/07/2018,103.61,105.41,103.52,105.78,8311680.00
05/07/2018,103.72,104.13,103.53,104.38,10723412.00
06/07/2018,104.06,103.12,102.20,104.50,12173700.00
09/07/2018,107.28,104.71,104.71,107.46,13900793.00
10/07/2018,106.62,108.02,106.53,108.40,14575873.00
11/07/2018,106.39,106.31,106.21,107.06,10186482.00
12/07/2018,106.85,107.42,105.97,107.56,12456754.00
13/07/2018,106.36,107.30,105.14,107.80,21303844.00
16/07/2018,110.58,107.05,106.98,110.77,24662621.00
17/07/2018,110.50,110.69,109.75,110.93,14821876.00
18/07/2018,111.53,110.42,110.20,112.12,14244944.00
19/07/2018,109.89,111.06,109.73,111.09,16775305.00
20/07/2018,111.28,110.00,109.78,111.74,13582631.00
23/07/2018,113.35,111.06,110.93,114.24,18140010.00
24/07/2018,114.15,113.55,113.42,114.78,14000419.00
25/07/2018,115.18,113.88,113.38,115.52,13331966.00
26/07/2018,114.85,115.42,114.58,115.59,11897769.00
27/07/2018,116.03,115.18,114.81,116.30,12805930.00
30/07/2018,116.73,116.28,116.06,117.61,13411618.00
31/07/2018,114.95,117.08,114.82,117.08,15843763.00
01/08/2018,115.66,115.75,115.28,116.69,13531590.00
02/08/2018,116.15,114.57,114.33,116.25,11058108.00
03/08/2018,117.09,116.00,115.94,117.13,11016102.00
06/08/2018,117.12,116.79,116.18,117.53,9857351.00
07/08/2018,117.55,117.74,117.33,118.29,10562067.00
08/08/2018,117.79,117.33,117.28,118.27,8997220.00
09/08/2018,116.88,117.51,116.70,117.72,9694541.00
10/08/2018,115.73,115.50,114.68,115.95,12630949.00
13/08/2018,113.89,115.56,113.82,115.88,10340337.00
14/08/2018,114.65,114.27,113.65,115.04,10597611.00
15/08/2018,113.70,113.82,112.97,114.33,10152082.00
16/08/2018,114.77,114.35,114.30,115.31,10118820.00
17/08/2018,114.77,114.64,114.30,115.07,8505111.00
20/08/2018,114.62,114.59,114.11,115.05,8618739.00
21/08/2018,115.32,115.37,114.88,116.39,10976680.00
22/08/2018,114.97,115.31,114.78,115.41,8314901.00
23/08/2018,114.73,114.96,114.43,115.15,9265593.00
24/08/2018,114.68,114.98,114.45,115.22,8845718.00
27/08/2018,116.71,115.22,115.17,117.28,13768021.00
28/08/2018,116.14,117.00,115.97,117.03,8302618.00
29/08/2018,115.76,116.35,115.36,116.37,7221744.00
30/08/2018,115.19,115.59,114.98,116.04,8991802.00
31/08/2018,114.58,114.83,113.82,114.84,13065719.00
04/09/2018,115.15,114.34,113.63,115.24,10174177.00
05/09/2018,114.59,115.00,114.25,115.70,11462446.00
06/09/2018,114.10,114.50,113.50,114.70,9877635.00
07/09/2018,114.32,114.50,113.63,114.77,10955590.00
10/09/2018,113.71,114.85,113.66,114.97,8276936.00
11/09/2018,114.43,113.54,113.18,114.58,9333781.00
12/09/2018,113.08,114.25,112.85,114.88,10800758.00
13/09/2018,113.52,113.37,112.67,114.13,12470769.00
14/09/2018,113.50,113.81,113.23,114.49,10337948.00
17/09/2018,113.84,113.79,113.30,114.43,9561297.00
18/09/2018,114.30,114.33,113.56,114.66,7944210.00
19/09/2018,117.62,114.44,114.44,118.06,16052776.00
20/09/2018,118.63,118.50,118.08,119.24,15589976.00
21/09/2018,117.85,119.13,117.74,119.23,24788247.00
24/09/2018,116.72,117.76,116.43,118.46,12492474.00
25/09/2018,116.39,117.04,116.32,117.97,9308310.00
26/09/2018,115.02,116.75,114.66,116.87,14023640.00
27/09/2018,114.52,115.42,114.16,115.76,13282987.00
28/09/2018,112.84,113.65,112.52,114.24,15815120.00
01/10/2018,113.50,113.37,113.04,114.61,10147110.00
02/10/2018,113.97,113.36,112.81,114.12,13753074.00
03/10/2018,115.04,114.94,114.48,115.66,17141962.00
04/10/2018,115.27,114.55,114.21,116.81,16357406.00
05/10/2018,114.62,115.83,114.02,116.10,13777633.00
08/10/2018,115.32,114.25,113.35,115.78,14370869.00
09/10/2018,114.52,114.67,113.67,115.03,14069477.00
10/10/2018,111.47,114.70,111.47,114.95,23086389.00
11/10/2018,108.13,110.97,107.38,111.47,33705616.00
12/10/2018,106.95,110.37,105.60,110.83,32075740.00
15/10/2018,106.34,107.20,106.32,108.85,18903216.00
16/10/2018,108.62,107.16,106.73,108.78,19302764.00
17/10/2018,109.83,108.38,108.23,110.80,18794482.00
18/10/2018,108.09,109.02,107.81,109.84,17582467.00
19/10/2018,107.91,107.65,107.27,109.22,15234549.00
22/10/2018,106.36,108.15,106.11,108.34,16199139.00
23/10/2018,105.25,104.20,103.70,106.16,21407548.00
24/10/2018,103.29,104.76,102.91,105.03,23168916.00
25/10/2018,104.86,104.18,103.72,105.90,17464708.00
26/10/2018,103.42,104.00,102.73,104.56,19174916.00
29/10/2018,104.85,104.46,103.70,106.63,18445175.00
30/10/2018,106.70,105.71,104.86,106.98,18019681.00
31/10/2018,109.02,108.08,107.79,110.48,20859992.00
01/11/2018,108.98,109.62,108.32,110.22,13065023.00
02/11/2018,108.38,109.90,107.49,110.81,19009518.00
05/11/2018,109.09,108.61,108.42,109.29,10276448.00
06/11/2018,109.60,108.67,107.76,109.67,10824959.00
07/11/2018,111.48,110.37,109.35,111.73,12679585.00
08/11/2018,112.38,111.01,111.00,112.93,11662499.00
09/11/2018,111.29,112.23,110.83,112.36,10432161.00
12/11/2018,108.95,111.42,108.60,111.94,13279671.00
13/11/2018,109.59,109.10,109.10,111.12,13746059.00
14/11/2018,107.33,110.23,105.98,110.71,18361433.00
15/11/2018,110.07,108.24,106.81,110.08,19099954.00
16/11/2018,109.99,109.45,108.55,110.76,13798551.00
19/11/2018,110.83,109.96,109.53,111.20,13986991.00
20/11/2018,108.45,109.78,107.98,110.49,18936153.00
21/11/2018,107.64,109.03,107.64,109.61,10619625.00
23/11/2018,106.65,106.74,106.06,107.39,6488406.00
26/11/2018,109.26,107.72,107.45,109.98,13948285.00
27/11/2018,109.72,108.76,108.63,110.03,9238176.00
28/11/2018,110.94,109.80,108.87,111.40,13977257.00
29/11/2018,110.06,110.27,109.64,110.80,11144347.00
30/11/2018,111.19,109.85,109.58,111.32,18652718.00
03/12/2018,112.24,112.38,111.74,112.89,16033180.00
04/12/2018,107.23,111.60,106.73,111.60,23555940.00
06/12/2018,105.19,105.01,102.88,105.36,27213946.00
07/12/2018,103.29,105.16,102.91,106.98,19248595.00
10/12/2018,101.36,102.87,99.28,103.49,23636429.00
11/12/2018,100.37,103.13,100.21,103.66,16860677.00
12/12/2018,101.02,101.66,100.06,102.90,22621487.00
13/12/2018,101.12,101.55,100.67,101.97,17250942.00
14/12/2018,100.29,99.99,99.86,101.94,19879525.00
17/12/2018,99.01,99.77,98.44,100.56,25113534.00
18/12/2018,98.54,99.42,98.12,100.89,20837150.00
19/12/2018,97.29,98.41,96.60,100.58,28767868.00
20/12/2018,96.45,96.61,95.69,98.28,31825218.00
21/12/2018,94.17,96.68,93.69,98.43,41313933.00
24/12/2018,92.14,92.89,92.14,94.22,17009280.00
26/12/2018,95.96,92.69,91.11,95.96,22542900.00
27/12/2018,97.04,94.82,93.55,97.15,20304683.00
28/12/2018,96.83,97.95,96.44,98.32,17963271.00
31/12/2018,97.62,97.59,96.77,98.81,13237180.00
02/01/2019,99.31,95.95,95.94,99.78,15670850.00
03/01/2019,97.11,98.64,96.69,98.89,16286426.00
04/01/2019,100.69,99.11,98.28,100.93,16935205.00
07/01/2019,100.76,100.43,99.71,101.47,15430712.00
08/01/2019,100.57,101.63,99.55,101.82,13578777.00
09/01/2019,100.40,100.81,99.93,101.49,14230331.00
10/01/2019,100.39,100.02,99.27,100.73,14376430.00
11/01/2019,99.91,99.89,98.95,100.17,15439850.00
14/01/2019,100.94,98.87,98.66,101.36,21258458.00
15/01/2019,101.68,98.89,98.60,102.47,26504852.00
16/01/2019,102.50,102.25,101.80,103.45,18532952.00
17/01/2019,102.92,102.11,101.92,103.50,14247564.00
18/01/2019,104.59,103.77,102.83,104.90,16428710.00
22/01/2019,102.94,103.08,102.13,103.59,17083681.00
23/01/2019,102.68,103.44,101.97,103.70,12146678.00
24/01/2019,102.74,102.13,101.94,103.09,11296764.00
25/01/2019,103.39,103.51,102.74,104.31,14412559.00
28/01/2019,103.88,102.89,102.59,104.24,12283089.00
29/01/2019,104.17,103.88,103.73,105.11,9743271.00
30/01/2019,104.41,104.14,103.78,105.24,12526274.00
31/01/2019,103.50,103.41,102.73,103.80,17520551.00
01/02/2019,103.88,104.00,103.52,104.85,13000780.00
04/02/2019,104.25,103.79,103.01,104.25,9871549.00
05/02/2019,103.79,104.52,103.29,104.55,12762982.00
06/02/2019,103.74,103.71,103.47,104.62,8744957.00
07/02/2019,102.38,103.25,101.44,103.50,13177489.00
08/02/2019,101.36,102.08,100.06,102.34,12892562.00
11/02/2019,100.88,101.76,100.77,102.01,10978516.00
12/02/2019,102.60,101.95,101.89,102.92,12852252.00
13/02/2019,103.09,102.90,102.90,103.85,10754061.00
14/02/2019,102.42,102.47,101.35,103.10,11518530.00
15/02/2019,105.55,103.90,103.66,105.70,14716861.00
19/02/2019,105.18,104.91,103.81,105.37,12764888.00
20/02/2019,105.69,105.21,104.88,105.80,10030326.00
21/02/2019,105.47,105.45,104.96,105.99,8400075.00
22/02/2019,105.00,105.70,104.78,106.09,10647258.00
25/02/2019,106.10,105.75,105.69,107.27,11230679.00
26/02/2019,105.29,104.50,103.94,105.47,15465393.00
27/02/2019,105.16,105.18,104.51,105.38,9968822.00
28/02/2019,104.36,105.01,104.18,105.21,15156850.00
01/03/2019,104.43,105.10,104.20,105.91,13813310.00
04/03/2019,104.19,104.92,103.27,105.92,12466285.00
05/03/2019,104.11,104.13,103.26,104.55,10856646.00
06/03/2019,103.72,103.86,103.55,104.57,9070782.00
07/03/2019,102.97,103.25,102.16,103.47,12705739.00
08/03/2019,103.01,101.99,101.99,103.23,10582371.00
11/03/2019,104.35,103.98,103.66,104.55,9763235.00
12/03/2019,104.04,104.59,103.75,104.79,10219100.00
13/03/2019,104.39,104.19,103.95,104.98,13022241.00
14/03/2019,105.34,104.50,104.46,105.87,10926470.00
15/03/2019,106.55,105.41,105.23,106.80,24811730.00